reminder,reply,intent,dpd,amount,loan,tone,region,ptp_date,ptp_amount,dispute_type,excuse_type,cibil_mentioned,legal_mentioned
"Hi Rohan, ₹4200 EMI 11 din se overdue hai. Late fees lag rahi hai. Pakka settlement karne ke liye turant UPI link bhejta hoon.","Yaar bhai, mummy hospital mein hain aur ghar mein paisa nahi h, 15 din mein zarur kar dunga 🙏",needs_more_time,11,4200,credit line EMI,polite,delhi,15 din mein,,,family_health_issue,False,False
Sandeep ji ₹4800 ki EMI 20 din se pending hai. CIBIL score par asar pad sakta hai. UPI payment karein.,"Sorry sir, maine 5 din pehle payment kar diya tha. Aapke system mein issue hai 😊",dispute,20,4800,mobile loan EMI,desperate,bangalore,,,payment not reflected,technical issue,True,False
"Re, Karan ji, aapka ₹4500 ka BNPL payment due hai. Late fees bhi lagech. Jaldi karein.","Kya yeh amount sahi hai? Mera loan 4000 ka tha, extra charges kyun?",dispute,9,4500,BNPL payment,angry,pune,,,incorrect amount,billing error,False,False
"Boss ₹15000 overdue hai, 44 days ho gaye hain. Late fees bhi lag rahi hai. UPI se payment karein please.","Nahi kar sakta abhi, jo karna ho karo.",refusal,44,15000,mobile loan EMI,angry,hyderabad,,,,,False,False
"Namaskara Rohan ji, ₹11000 EMI kal due thi. Aaj tak nahi aayi. UPI se kar dein: rzp.io/pay. CIBIL score kharab hoga","dekho sir, kal office se baahar tha. Aaj kar deta hoon, thoda time do",promise_to_pay,62,11000,bike loan EMI,polite,bangalore,today,11000.0,,office work,True,False
"₹9000 EMI overdue hai, 67 days ho gaye hain. Full payment karein ya humein settlement ke liye call karein. Legal notice aa sakta hai.","Sorry boss ₹3000 abhi bhej sakta hun, baaki 10 din mein pakka, please samajh lein",partial_payment,67,9000,BNPL payment,worried,hyderabad,10 days,3000.0,,,False,True
"Kunal ji, ₹2800 EMI 16 din ho gaye. Late fees bhi lag sakti hai. UPI se kar dein, CIBIL score kharaab ho jayega: rzp.io/pay","Bhai, thoda time do, settlement karne ko taiyar hoon",promise_to_pay,16,2800,mobile loan EMI,cooperative,mumbai,thoda time,2800.0,settlement,vague,True,False
"Kumar ji ₹22000 pending hai, 54 din ho gaye. RBI guidelines ke mutabiq ab toh action lena padega.","Kya karein sir, abhi paisa nahi hai. Ek baar court mein milte hain",refusal,54,22000,bike loan EMI,angry,bangalore,,,,aggressive,False,True
Rajesh ji ₹3800 BNPL payment 23 din se pending hai. Settlement karne se late fees maaf karwa sakte hain. Definitely consider karein.,"enti, boss, 10 din aur do, mummy ki tabiyat kharab hai",needs_more_time,23,3800,BNPL payment,cooperative,hyderabad,10 days,,,family_emergency,False,False
₹10000 pending hai aapke BNPL payment mein. 43 days ho gaye hain overdue. Please UPI se payment karein.,bekku sir ₹5000 abhi ₹5000 10th ko bhejunga.,partial_payment,43,10000,BNPL payment,resigned,bangalore,10th,5000.0,,temporary financial difficulty,False,False
Arre Rohan ji 14 din ho gaye ₹4000 EMI ke. CIBIL affect ho sakta hai. Aapne kab tak payment karne ka socha hai? UPI link hai: rzp.io/pay,"Nako bhai, Friday ko salary aayegi, usse pehle kar dunga 🙏",promise_to_pay,14,4000,mobile loan EMI,cooperative,mumbai,Friday,4000.0,,salary_pending,True,False
"Raj ji, ₹2200 EMI kal due thi. Abhi tak nahi aayi. Late fees bhi lag raha hai. UPI maadtini: rzp.io/pay","arre bhai, office ka kaam bahut hai. Weekend pe kar dunga",promise_to_pay,22,2200,business loan EMI,evasive,bangalore,weekend,,,office work,False,False
"Rahul ji, ₹9000 EMI kal due thi. Aaj tak nahi aayi. Late fees ₹500 lag gaya. Abhi karein: rzp.io/pay","dekho sir, thoda time do. Settlement karenge, kuch kam amount par. Next week",promise_to_pay,62,9000,bike loan EMI,cooperative,bangalore,next week,,,request for settlement,False,False
"Manoj ji ₹8000 business loan EMI 28 din se overdue hai. Pakka aaj settle karein, nahi to CIBIL score aur kharab ho jayega.","Bhai ₹5000 abhi dete hoon, baaki ₹3000 agle mahine.",needs_more_time,28,8000,business loan EMI,cooperative,chennai,1 month,3000.0,,cash flow problem,True,False
"Arre, Amit ji ₹10000 EMI 43 din se pending hai. ₹5000 abhi bhej sakte hain? Settlement ke liye ₹2000 ki penalty lagegi","Nako, re, ₹5000 abhi nahi ho payega. ₹2500 abhi bhej raha hun, baaki 18 din mein pakka. Settlement ke liye ₹2000 ki penalty nahi dena",partial_payment,43,10000,business loan EMI,angry,mumbai,18,7500.0,,temporary financial difficulty,False,False
Anna ₹6000 ka EMI 54 din se overdue hai. Aapka CIBIL score affect ho sakta hai. Settlement offer hai - ₹5000 abhi kar dein aur case close ho jayega: rzp.io/pay,Boss ₹5000 abhi nahi ho payega. Thoda time do. Main next month zaroor kar dunga. 🙏,promise_to_pay,54,6000,BNPL payment,evasive,hyderabad,,,,,True,False
"Suresh ji aapka ₹9000 personal loan EMI 5 din se overdue hai. Aaj hi payment karein, nahi to settlement option bhi band ho jayega.","Bhai ₹4500 kar sakte hain, 5 din baad ₹4500 aur kar dunga. Kya aap payment link bhej sakte hain?",needs_more_time,5,9000,personal loan EMI,evasive,hyderabad,5 days,4500.0,,partial payment,False,False
"Rahul ji, aapka ₹22000 EMI 43 din se overdue hai. ₹11000 abhi bhej sakte hain? UPI se bhejne par ₹500 ka late fees maaf hoga","Bhai, ₹11000 abhi nahi ho payega. ₹5500 abhi bhej raha hun, baaki 25 din mein pakka. UPI se bhej raha hun",partial_payment,43,22000,business loan EMI,cooperative,mumbai,25,16500.0,,temporary financial difficulty,False,False
"Amit ji, ₹12000 ka EMI 70 din se pending hai. Yeh aapke CIBIL score ko affect kar raha hai. Kab tak payment karoge kay?","Yaar paisa nahi hai, business mein nuksan ho raha hai, next quarter zarur kar dunga",needs_more_time,70,12000,BNPL payment,evasive,delhi,,,,business_problem,True,False
"Sir, ₹4800 business loan EMI 19 din se overdue hai. Late fees ₹300 lag rahi hai. UPI maadtini settle karein, CIBIL score impact hoga.","Sir, bekku 3-4 din aur chahiye, wo time par denge, UPI kar dunga.",needs_more_time,19,4800,business loan EMI,polite,bangalore,3-4 din,4800.0,,,True,False
"Rahul ji, ₹1200 EMI 4 din ho gaye late. Late fees bhi lagech, abhi karein: rzp.io/pay","bhai aaj hi kar dunga, sorry yaar kuch personal issues mein busy tha",promise_to_pay,4,1200,mobile loan EMI,polite,pune,aaj,1200.0,,personal issues,False,False
"Vikram yaar, ₹22000 bike loan EMI ke liye turant payment karein, aapke account pe late fees bhi lag raha hai. UPI se payment link bhej raha hoon. 📈","Haan yaar, sorry yaar, kal tak kar denge, thoda cash flow issue hai 🤞",refusal,7,22000,bike loan EMI,worried,hyderabad,,,,cash flow issue,False,False
"₹5000 ka EMI 30 din se due hai, aapne ab tak kyun nahi kiya payment? Late fees bhi lag rahi hai.","Sorry, maine paise invest kar diye the aur ab wapas nahi aa rahe, settlement karenge?",dispute,30,5000,credit line EMI,worried,mumbai,,,,investment issue,False,False
"Anna ₹12000 ka EMI 14 din se overdue hai. Aapka CIBIL score bhi impact ho sakta hai. Okay ra, aaj settle karein? UPI se payment link bhej raha hoon.","Boss, sorry yaar. Mummy hospital mein hain, 10 din aur do. Phir double kar dunga. Promise.",needs_more_time,14,12000,personal loan EMI,polite,hyderabad,10 days,24000.0,,family emergency,True,False
"Vikram ji, ₹12000 ka EMI time par nahi aaya. 9 din ho gaye, late fees lag rahi hai. Nako, CIBIL score bhi kharab hoga. UPI link bhejta hoon.","Re, sach mein paisa nahi h, 10 din mein double EMI kar dunga. Please thoda time do, mummy ko hospital mein admit karna hai 🙏",needs_more_time,9,12000,business loan EMI,desperate,delhi,10,24000.0,,family_problem,True,False
"Rahul ji ₹8000 EMI pending hai. Late fees bhi lag rahi hai, turant karen ya humein settlement offer karna padega.","Bhai mujhe abhi kuch nahi ho raha, 2000 abhi bhej sakta hun baaki 20 tarikh ko",partial_payment,70,8000,personal loan EMI,cooperative,delhi,20 tarikh ko,2000.0,,,False,False
"Hi Amit, ₹2000 EMI 9 din late ho gayi. Late fees ₹500 lag gayi. UPI se pay karein: rzp.io/pay","Koi baat nahi, ₹2500 kal de dunga. Apna account number bhej do",promise_to_pay,9,2000,BNPL payment,resigned,hyderabad,tomorrow,2500.0,,salary,False,False
"Rajesh yaar, ₹15000 bike loan EMI ke liye turant payment karein, aapke account pe late fees bhi lag raha hai. UPI se payment link bhej raha hoon. 📈","Abhi thoda time do yaar, ghar pe kuch issues hain, kal tak kar denge 🤞",refusal,7,15000,bike loan EMI,polite,delhi,,,,personal issues,False,False
"Namaskar sir, ₹15000 ka payment aapke account mein 78 din se pending hai. Kripya jaldi se jaldi clear karein, nahi toh CIBIL score par asar pad sakta hai.","Illa, sir mujhe thoda time chahiye. Ek hafte mein karta hun",refusal,78,15000,BNPL payment,evasive,bangalore,,,,time constraint,True,False
"Priya ji, ₹9000 EMI pending. UPI maadtini use karke payment karein, late fees bhi lag rahi hai.","Ma'am 5000 abhi bhejti hun, baaki 1 hafte mein pakka.",partial_payment,27,9000,mobile loan EMI,resigned,bangalore,7,4000.0,,temporary financial difficulty,False,False
"Yaar, ₹9500 EMI miss ho gayi. Turant payment karein, nahi toh legal action lena padega.","Bhai, ₹9500 de sakte hai lekin ₹5000 kal bhejunga, baaki 3 din mein. Pakka!",dispute,16,9500,bike loan EMI,resigned,delhi,tomorrow,5000.0,,financial difficulty,False,True
"Sourav ji, aapka ₹12000 ka EMI 1 din se overdue hai. Aap UPI se ₹6000 abhi bhej sakte hain, baaki 10 din mein bhej dena.","Sir, ₹6000 abhi bhej raha hun, baaki 15 tarikh ko pakka.",partial_payment,1,12000,credit line EMI,cooperative,bangalore,15,6000.0,,,False,False
"Rahul ji, ₹8500 EMI 11 din se overdue hai. Late fees lag rahi hai. Turant payment karein ya phir CIBIL score par asar padega.","Yaar, mere business mein thoda problem chal raha hai. 1 week aur de do please. Phir turant payment kar dunga.",needs_more_time,11,8500,mobile loan EMI,polite,delhi,next week,8500.0,,business_problem,True,False
"Rahul ji, 3rd reminder — ₹9500 bike loan EMI 33 din overdue hai. Settlement offer samapth hone wali hai. Abhi karein: rzp.io/pay. CIBIL score par asar padega.","bhai, sorry. Kal salary aayegi, usse pehle transfer karwaunga. Pakka, bhai.",promise_to_pay,33,9500,bike loan EMI,polite-firm,delhi,tomorrow,9500.0,,,True,False
"Arjun ji, ₹10000 personal loan EMI overdue ho gaya 13 din. Late fees lag rahi hai, aaj settle karein? Payment link: <link>","Yaar, thoda time do, ghar mein hospital ka bill aaya hai. 15 din mein zarur karenge, sorry 🙏",needs_more_time,13,10000,personal loan EMI,worried,mumbai,15,10000.0,,medical_bill,False,False
Sir ₹20000 EMI bohot din se pending hai. Legal notice aa sakta hai agar turant payment nahi hoga.,"Bhai ₹10000 abhi bhejta hun, baaki 15 tarikh ko. Kal tak UPI details bhej do.",partial_payment,61,20000,credit line EMI,cooperative,delhi,15,10000.0,,financial,False,True
"Arre hi, ₹3500 ka EMI 3 din ho gaye overdue. Nako CIBIL affect hoga. Abhi karein: rzp.io/pay","re bhai, kal pakka kar dunga, aaj thoda busy tha, settlement kar sakte ho kya?",promise_to_pay,3,3500,BNPL payment,resigned,hyderabad,tomorrow,3500.0,settlement,busy,True,False
"Sir, ₹22000 ka EMI pending hai. Aap UPI se ₹11000 abhi bhej sakte hain?","Haan, ₹11000 abhi bhejta hun",partial_payment,79,22000,BNPL payment,cooperative,bangalore,abhi,11000.0,,,False,False
"Arre, ₹11000 bike loan EMI 20 din se overdue hai. Late fees lag rahi hai, aapka CIBIL score bhi impact hoga. UPI se abhi payment karein.","Kay re, ₹5000 abhi kar sakta hoon. Baki ₹6000 10 din mein kar dunga.",needs_more_time,20,11000,bike loan EMI,polite,mumbai,10 din,6000.0,,partial payment,True,False
"Sun, ₹6500 ka EMI 80 din se due hai. Turant payment karein, nahi to CIBIL score kharab hoga.","Sorry bhai, maine paise nahi hain, 10 din mein payment kar dunga. 🙏",dispute,80,6500,personal loan EMI,evasive,delhi,10 din,6500.0,,financial issue,True,False
"Kumar ji, aapka ₹10000 ka EMI 1 din se overdue hai. CIBIL score kharaab ho sakta hai. ₹5000 abhi bhejne se aapko ek mauka milega.",Bekku ₹5000 abhi bhejta hun. Baaki 1 hafte mein pakka.,partial_payment,1,10000,credit line EMI,desperate,bangalore,7,5000.0,,,True,False
"Rahul ji ₹15000 ka EMI due hai, aapka CIBIL score bhi impact hoga. Settlement offer hai ₹10000 mein.","Main ₹10000 mein settlement karne ko taiyar hoon, lekin please CIBIL score ko clear kar do.",dispute,90,15000,credit line EMI,cooperative,bangalore,today,10000.0,settlement,,True,False
"Anna ₹12000 EMI baki hai, 90 din ho gaye hain. Poora amount ek baar mein pay karein toh ₹2000 ki late fee maaf karte hain.","boss ₹6000 abhi bhejta hun, baaki 10 din mein zaroor bhejunga. Okay ra?",partial_payment,90,12000,personal loan EMI,cooperative,hyderabad,10,6000.0,,,False,False
"Aapka ₹28000 ka BNPL payment 30 din se due hai. UPI se abhi payment karein, varna CIBIL score par asar padega aur late fees lagu hoga.","Mujhe ye loan nahi lena tha, aaplog ne galat information di thi 🤬",refusal,30,28000,BNPL payment,angry,hyderabad,,,misinformation,dispute,True,False
"Yaar ₹20000 ki payment 14 din ho gaye hue hai. Pakka aap bhool gaye honge. Turant payment karein, bhai: https://upi.link/1234","Abhi nahi kar sakta, court mein milte hain 😒",refusal,14,20000,BNPL payment,resigned,delhi,,,threat of legal action,no excuse,False,True
"Deepak bhai, ₹8000 EMI 19 din overdue. Bol lijiye, kab kar rahe hain? CIBIL score impact hoga: rzp.io/pay","Bhai, kal karwa dunga. Abhi thoda busy hoon",promise_to_pay,19,8000,business loan EMI,polite,delhi,kal,8000.0,,busyness,True,False
"Amit ji, ₹8000 ka EMI 3 din ho gaye overdue. Late fees lag gaya hai. Abhi karein: rzp.io/pay","bhai, thoda time chahiye, salary abhi nahi aayi, next week pakka kar dunga 🙏",promise_to_pay,3,8000,BNPL payment,desperate,delhi,next week,8000.0,,salary,False,False
"Amit ji, ₹9000 ka EMI 30 din overdue. Aapka CIBIL score affect ho raha hai. UPI se jaldi karein: rzp.io/pay","Re, maine kal hi office mein payment kar diya hai. Aap check kar lo. Thanks 🙏",promise_to_pay,30,9000,BNPL payment,cooperative,mumbai,,,payment_already_made,,True,False
"Kunal ji ₹13000 BNPL payment 41 din se pending. EMI bharne mein delay ho raha hai, aaj settle karein. RBI guidelines ke anusar aapko notice bhejna pad sakta hai.","nako sir, paisa jaldi jama karwaunga. Mummy ki tabiyat kharab hai, doctor ki bill chukani hai, next week aapko paisa bhejunga 🤕",needs_more_time,41,13000,BNPL payment,desperate,delhi,,,,family_problem,False,True
"Yaar Ankit, ₹8500 bike loan EMI 15 din ho gaye. Abhi turant UPI se kar dein: rzp.io/pay 🙏","bhai sorry, kal tak pakka karwa dunga, aaj ghar mein kuch urgent kaam tha 🙏",promise_to_pay,15,8500,bike loan EMI,polite,delhi,tomorrow,8500.0,,personal,False,False
"Aapka ₹11000 ka bike loan EMI 1 day se overdue hai, nako payment kar dete re? Aapko UPI se payment karna hai?","Sorry yaar, abhi thoda time de do, kal karunga, aur haan aapne link send kar do",refusal,1,11000,bike loan EMI,cooperative,mumbai,tomorrow,,,request for time,False,False
"Amit ji, ₹5000 ka bike loan EMI 79 din se pending hai. Pakka, aapko CIBIL score kharab hone se bachana hai.","Bhai maine 2 din pehle UPI kar diya tha, lekin abhi tak aapke system mein update nahi hua",dispute,79,5000,bike loan EMI,evasive,delhi,,,payment not received,technical issue,True,False
"Amit ji, ₹7000 ka EMI 30 din se overdue hai, aapko CIBIL score par asar pad sakta hai. Abhi payment karein.","Re, maine thoda intezar karne ko bola tha, kal tak payment kar deta hoon.",dispute,30,7000,credit line EMI,evasive,mumbai,kal,7000.0,,vague timeline,True,False
Rajesh ji ₹5500 ki EMI due hai. Late fees ₹600 extra lag gaye. Settlement karne ke liye bekku call karein.,"mujhe pata hai, abhi kuch din aur chahiye.",dispute,20,5500,mobile loan EMI,evasive,bangalore,,,payment timeline,vague timeline,False,False
"₹3500 business loan EMI 3 din se pending hai, sir. Bekku settle karein, CIBIL score bhi kharaab nahi hoga.","Yaar, ghar mein marriage hai, abhi thoda tight hoon, 15 din mein double kar dunga.",needs_more_time,3,3500,business loan EMI,cooperative,bangalore,15 days,7000.0,,family event,True,False
"Amit ji, ₹20000 EMI pending hai. Aapko settlement offer hai. Aap 15000 abhi bhejte hain, toh baaki amount maaf kar denge.","Bhai, 15000 abhi bhejta hun. Dhanyavad.",partial_payment,89,20000,bike loan EMI,cooperative,delhi,,15000.0,,,False,False
"Amit ji ₹9500 bike loan EMI 24 din late hai. Late fees lag rahi hai, bol kuch karein?","bhai sach mein paisa nahi h, 2 hafte aur do please 🙏",needs_more_time,24,9500,bike loan EMI,resigned,chennai,14,,,family_problem,False,False
Ramesh ji ₹18000 ka loan pending hai. CIBIL score kharaab hoga agar settlement nahi hoga. ₹18000 pay karne ka link bhejta hoon,"Main kuch nahi kar sakta, meri salary abhi nahi aayi hai. Kuch din aur wait karo",refusal,7,18000,mobile loan EMI,worried,bangalore,,,,financial constraint,True,False
"Arre Ramesh ji, ₹12000 EMI baki hai, 85 din se due hai. Poora payment karke CIBIL score achha rakhein.","Bhai thoda time lagech, 6000 abhi UPI se bhejta hun, baaki 20 din mein pakka",partial_payment,85,12000,mobile loan EMI,cooperative,mumbai,20,6000.0,,,True,False
Sai ji ₹9000 ka EMI bahut din se pending hai. Aapko definitely payment karna hoga. 🕒,Sorry anna UPI kar diya tha aapke system mein issue hai check karo,dispute,78,9000,business loan EMI,resigned,hyderabad,,,technical issue,,False,False
"Ma'am ₹8000 EMI overdue hai, ₹4000 abhi bhej sakte hain? UPI link: https://... , settlement option bhi discuss kar sakte hain.","Sorry sir, ₹2000 abhi bhej sakti hun, baaki 25 tarikh ko pakka, settlement option kya hai?",partial_payment,9,8000,BNPL payment,polite,bangalore,25,2000.0,,,False,False
"Neha ji, ₹15000 ki EMI clear karein please. Late fees bhi lag rahi hai. Payment link bhej raha hoon.","Abhi nahi kar sakta, jo karna ho karo",refusal,9,15000,credit line EMI,angry,delhi,,,,anger,False,False
"Vikram ji aapka ₹11000 personal loan EMI 5 din se overdue hai. Turant payment karein, nahi to late fees ₹500 ho jayega.","Yaar mujhe thoda time do, 3 din mein pakka kar dunga. Kya aap payment link bhej sakte hain?",needs_more_time,5,11000,personal loan EMI,polite,chennai,3 days,11000.0,,time constraint,False,False
"Sir, ₹38000 EMI 27 din se pending hai. Late fees lag rahi hai, settlement karne ke liye ek option do. CIBIL score bhi impact hoga.","Abhi to paisa nahi h, 15 din aur do please 🙏",needs_more_time,27,38000,credit line EMI,desperate,bangalore,15 days,,,family_issues,True,False
"Rajesh ji ₹8500 bike loan EMI 24 din late hai. Late fees lag rahi hai, pakka settlement karein.","bhai business thoda slow chal raha hai, next month double kar dunga",needs_more_time,24,8500,bike loan EMI,desperate,mumbai,,,,business_problem,False,False
"Rajesh ji, ₹6500 personal loan EMI overdue 13 din. Late fees lag rahi hai, aaj settle karein? UPI link: <link>","Nako, re, 5 din mein zarur karenge. Abhi thoda busy hoon",needs_more_time,13,6500,personal loan EMI,evasive,mumbai,5,6500.0,,busy,False,False
"Rahul ji, ₹3500 EMI 10 din ho gaye. CIBIL affect ho sakta hai. UPI se kar dein: rzp.io/pay 🚨","haan bhai, turant kar dunga. Aaj hi payment kar denge, sorry for delay 🤦",promise_to_pay,10,3500,BNPL payment,worried,bangalore,today,3500.0,,personal_issue,True,False
"Bhai ₹20000 ki EMI 41 din se pending hai. Turant payment karein, nahi toh CIBIL score par asar padega.","Yaar, abhi thoda stress hai, kal tak kar dena pakka 🙏",refusal,41,20000,credit line EMI,polite,delhi,,,,financial,True,False
"Sun Ramesh ji ₹8000 EMI pending hai, late fees bhi lag rahi hai.","Bhai ₹4000 abhi bhejta hun, baaki 15 tarikh ko pakka. UPI se payment link bhej do.",partial_payment,12,8000,credit line EMI,polite,delhi,15,4000.0,,,False,False
"Aapka ₹13000 ka business loan EMI 33 din se overdue hai. UPI karke bekku karo, nahi toh legal action lena padega.","Sir, maine 2 hafte pehle UPI kar diya tha, aap log check karo, kuch galat ho raha hai",dispute,33,13000,business loan EMI,polite,bangalore,,,payment issue,technical issue,False,True
Sun ₹8000 pending hai. Late fees lagu ho rahi hai. UPI se payment karein.,"Sorry bhai ₹4000 abhi bhej sakta hun, baaki 15 tarikh ko zarur.",partial_payment,24,8000,business loan EMI,desperate,mumbai,15,4000.0,,,False,False
"Arre bhai ₹12000 EMI pending hai 11 days se, thoda urgent hai. Full payment karein, UPI se link bhejta hun.","Nako re, abhi thoda mushkil hai, 6000 abhi bhej sakta hun, baaki 10 din mein zaroor karenge.",partial_payment,11,12000,business loan EMI,polite,mumbai,10,6000.0,,financial difficulties,False,False
"Vivek ji, ₹12000 ki BNPL payment ko 52 din ho gaye hain. ₹2500 late fees lag chuke hain. Bol, aapko pata hai ki RBI ke rules ke mutabiq aapko legal notice mil sakta hai.","Yaar, kuch nahi kar sakte. Ghar mein problem chal rahi hai, kabhi kabhi settlement kar dunga 🤷‍♂️",needs_more_time,52,12000,BNPL payment,evasive,delhi,,,,family problem,False,True
"Anna ₹6500 bike loan EMI due hai, 79 days ho gaye hain. Okay ra, payment karein?","Yeh amount extra hai anna, mere account mein UPI se ₹5000 already transfer ho gaye the. Enti cheyali?",dispute,79,6500,bike loan EMI,cooperative,hyderabad,,,amount,payment already made,False,False
"Arre, Amit ji, ₹15000 EMI pending hai. Aapka CIBIL score kharab ho raha hai. Kuch to bhej do abhi.","UPI se bhejta hun, 7500 abhi bhej raha hun, baaki 10 tarikh ko pakka",partial_payment,88,15000,BNPL payment,worried,delhi,10 tarikh,7500.0,,,True,False
"Deepak sir, ₹5000 ki EMI 15 din se due hai. Settlement option bhi khatam hone wali hai. UPI se kar dein: rzp.io/pay","dekhte hain bhai, kal salary aane wala hai, usse pehle transfer kar deta hoon",promise_to_pay,15,5000,mobile loan EMI,resigned,bangalore,usse pehle,5000.0,,salary,False,False
"Suresh bhai, ₹6500 bike loan EMI 33 din se overdue hai. Abhi UPI se payment karein: rzp.io/pay. Late fees lag rahi hai, aur CIBIL score affect hoga. Settlement offer bhi samapth hone wali hai.","bhai, thoda time do. Ek hafte mein payment karwaunga, pakka.",promise_to_pay,33,6500,bike loan EMI,polite-firm,delhi,in a week,6500.0,,,True,False
Rajesh ji ₹11000 clear karein. CIBIL score affect ho raha hai. Turant karein!,"sun, thoda time do. Court case chal raha hai, uske baad karta hun 🙏",refusal,5,11000,business loan EMI,desperate,delhi,,,court case,court case,True,False
Sir ₹12000 EMI due hai 55 din se. Late fees bhi lagega.,yeh amount galat hai mera loan 10000 ka tha extra charges kyun? settlement option de sakte hain?,dispute,55,12000,mobile loan EMI,cooperative,bangalore,next week,10000.0,incorrect amount,communication issue,False,False
"Amit ji, ₹1800 EMI 22 din ho gaye. Settlement options bhi discuss kar sakte hain. UPI se kar dein: rzp.io/pay","dekho bhai, abhi office mein busy hoon, friday ko free hoon, tab payment kar dunga",promise_to_pay,22,1800,credit line EMI,cooperative,delhi,friday,1800.0,,office busy,False,False
"Arre bhai, ₹12000 EMI 22 din ho gaye due. CIBIL score thoda lagech, abhi karein UPI se: rzp.io/pay 🙏","haan re, kal office se baahar hoon, thoda busy hoon. Tuesday ko zaroor kar dunga",promise_to_pay,22,12000,credit line EMI,polite,mumbai,Tuesday,12000.0,,busy,True,False
"Anil ji ₹4000 EMI due hai, aapko 80 days ho gaye. CIBIL score bhi kharab hoga.","Sorry sir, maine 2 din pehle transaction kiya tha, aapke system mein delay hai.",dispute,80,4000,personal loan EMI,polite,bangalore,,,payment not updated,system delay,True,False
"Namaste ma'am, aapka ₹6000 bike loan EMI 74 days overdue hai. Legal action lena padega agar payment nahi kiya.","Maine ₹2000 transfer kiya tha, aap check karein. Baki ₹4000 kal tak kar dunga.",dispute,74,6000,bike loan EMI,cooperative,bangalore,tomorrow,4000.0,payment not updated,partial payment,False,True
Hi Rohan ₹9000 EMI 47 din overdue. Aapko settlement offer karte hai. 50% abhi pay karein to baaki amount maaf 📊,"Enti boss, settlement chalu karein abhi, lekin amount thoda kam karein, meri salary abhi nahi aayi 🤞",promise_to_pay,47,9000,BNPL payment,cooperative,hyderabad,,,,salary_pending,False,True
"Amit ji, ₹6000 ki EMI 46 days se due hai. Kripya jaldi se payment karein, nahi to aapki CIBIL score pe asar pad sakta hai.","Sorry, maine paise nahi hain, thoda waqt chahiye. Kya hum settlement kar sakte hain?",dispute,46,6000,credit line EMI,worried,mumbai,,,payment not made,financial difficulties,True,False
"Kumar ji, ₹2500 ka EMI 9 din se overdue hai. Late fees lag rahi hai. Aap thoda settlement kar sakte hain? UPI se payment karein, link bhejta hoon.","Yaar, main 3 din mein EMI kar dunga. Abhi thoda paisa nahi h.",needs_more_time,9,2500,business loan EMI,worried,chennai,3,2500.0,,financial_problem,False,False
Boss ₹8500 EMI miss ho gayi. 28 din ho gaye. CIBIL score impact hoga. Payment karein.,"Definitely, payment kar denge. Thoda time de do, financial issue hai. 🤕",dispute,28,8500,credit line EMI,resigned,hyderabad,,,,financial issue,True,False
"Hi Rohan, ₹12000 bike loan EMI 5 din ho gaye overdue. Thoda tension ho raha hai, CIBIL affect ho sakta hai. Abhi UPI se kar dein: rzp.io/pay 🙏","Arre bhai, sorry yaar, kal salary aayegi, usse pehle kar dunga 🙏",promise_to_pay,5,12000,bike loan EMI,polite,mumbai,kal,12000.0,,salary,True,False
"₹5800 ka EMI 13 din se due hai, aapko settlement offer karte hain, aap interest se bach sakte hain","Nahi anna, mujhe settlement nahi chahiye, main full amount pay kar dunga, lekin thoda time chahiye",dispute,13,5800,bike loan EMI,cooperative,hyderabad,next week,5800.0,settlement offer,time constraint,False,False
"Sir, ₹10000 EMI 40 days overdue hai. Legal notice bhejna padega, agar abhi UPI se nahi karte. CIBIL score bhi affect hoga. UPI: rzp.io/pay","Illa sir, thoda time do, main kal office se baahar tha, aaj kar dunga 🙏",promise_to_pay,40,10000,BNPL payment,cooperative,bangalore,today,10000.0,,office work,True,True
"Dinesh ji, ₹22000 mobile loan EMI bahut overdue hai. Aapko CIBIL score affect hone ki samasya hogi. Turant contact karein.","Re bhai, main kuch din mein payment kar dunga. Abhi thoda busy hoon",needs_more_time,49,22000,mobile loan EMI,evasive,mumbai,,,,vague_timeline,True,False
"Preeti ji, ₹5800 EMI due hai. Aapne abhi tak payment nahi kiya. CIBIL score affect hoga.","arre, sir mujhe 10 din me payment karne do, aur yeh amount thoda kam kar sakte hain?",dispute,6,5800,personal loan EMI,cooperative,mumbai,10 days,5800.0,amount,temporary financial difficulty,True,False
"₹9500 ki EMI 29 din se overdue hai, late fees lag rahi hai. Aapka CIBIL score bhi impact ho sakta hai. Aaj settle karein?","Kay karu bhai, business bandh ho gaya hai. Mera loan maaf karo please 🤕",needs_more_time,29,9500,business loan EMI,worried,mumbai,,,,business closure,True,False
Enti ₹32000 personal loan EMI bahut overdue hai. RBI ke rules ke mutabik humein aapko legal notice bhejna hoga. Aap kab tak payment kar sakte hain?,"Bhai mere father hospital mein hain, abhi nahi kar paunga. Ek hafte mein zaroor karunga. Mere father ke ilaj ke liye paisa lag raha hai 🤕",needs_more_time,49,32000,personal loan EMI,desperate,hyderabad,1 week,32000.0,,family_problem,False,True
"Arre, ₹8500 ki EMI 29 din se overdue hai, late fees lagech hai. Aapka CIBIL score bhi impact ho sakta hai. Aaj settle karein?","Re bhai, thoda time do please. Mera business mein problem chal raha hai, next month double EMI kar dunga. Aap trust karo 🙏",needs_more_time,29,8500,business loan EMI,polite,mumbai,next month,17000.0,,business problem,True,False
"Suresh ji ₹22000 ka bakiya amount clear karein. 40 din se pending hai, CIBIL score par asar pad raha hai. UPI se payment karein, ya humein call back karein.","Yaar, main kya karun? Paise nahi hai. Court mein jaake karwa lo. 😠",refusal,40,22000,business loan EMI,angry,kolkata,,,,financial,True,False
"Bike loan EMI ₹7500 due hai 13 din se, aapko UPI payment link bhej raha hoon, please check karein","Anna, mujhe 1 week ke andar payment karne ka time do, main abhi thoda busy hoon",dispute,13,7500,bike loan EMI,evasive,hyderabad,,,payment request,busy,False,False
Sunita ji ₹18000 settle karne ke liye 10% extra dena padega. Pakka karein?,"nahi kar sakta, abhi paisa nahi hai. Bol late fees kitni lag rahi hai?",refusal,5,18000,business loan EMI,cooperative,delhi,,,,lack of funds,False,False
"Bhai, ₹15000 pending hai. CIBIL score kharab ho jayega, turant payment karein. UPI se bhi payment kar sakte hain.","Bhai ₹7500 abhi bhej raha hun, baaki 20 tarikh ko pakka kar dunga 🙏",partial_payment,24,15000,mobile loan EMI,polite,delhi,20,7500.0,,job loss,True,False
"Yaar, ₹5000 bike loan EMI 51 days overdue hai. Settlement option bhi dekh sakte hain. Turant call back karein.","Bhai, maine 1 mahine mein payment karne ki koshish karunga. Abhi thoda time do.",dispute,51,5000,bike loan EMI,evasive,delhi,1 mahine mein,,,financial issue,False,False
"Rahul ji, aapka ₹6500 ka EMI 59 din se due hai. Aapko CIBIL score bhi kharab hoga. Kab tak payment karoge?","Mujhe 10 din mein payment karne do, sir. Maine thoda business mein loss kiya hai to abhi nahi kar pa raha hoon.",dispute,59,6500,bike loan EMI,desperate,hyderabad,10 days,6500.0,payment delay,financial difficulty,True,False
"Suresh ji, ₹1800 EMI 10 din ho gaye. UPI se kar dein: rzp.io/pay 📈","bhai, abhi kuch issues hai. Next month zarur karenge, sorry 🤞",promise_to_pay,10,1800,BNPL payment,evasive,chennai,next_month,1800.0,,vague_timeline,False,False
"Arun ji ₹13000 ka EMI pending hai, 7 days ho gaye hain. Late fees bhi lagega sir. UPI maadtini ₹13000 pay kar sakte hain?","Abhi nahi kar sakta, thoda time lagega. Bekku time nahi hai",refusal,7,13000,mobile loan EMI,polite,bangalore,,,,time constraint,False,False
"Ankit bhai, ₹18000 ki EMI due ho gayi hai. Turant payment karwa dein, nahi toh late fees bhi lag jayegi. Payment link bhej raha hoon.","Bol yaar, kitna time doge? Abhi toh kuch nahi kar sakta",refusal,9,18000,credit line EMI,desperate,delhi,,,,desperation,False,False
"Boss ₹7200 bike loan EMI miss ho gayi hai, 79 days overdue hai. Payment karein?","Boss yeh amount thoda zyada ho gaya hai, settlement kuch mil sakta hai? ₹5000 abhi de sakta hoon",dispute,79,7200,bike loan EMI,desperate,hyderabad,today,5000.0,amount,financial difficulties,False,False
"Sunita ji, ₹28000 ka EMI pending hai. Aapka CIBIL score impact ho sakta hai. Aapko legal notice bheja jayega.","Lagech nako re, thoda time do. Main aapse milta hun, aapko pata chalega 🤝",refusal,20,28000,credit line EMI,cooperative,mumbai,,,,,True,True
"Amit ji, ₹8000 mobile loan EMI 22 days overdue. Settlement karne ke liye samay kam ho raha hai. Abhi payment karein: rzp.io/pay, CIBIL score affect hoga.","Okay ra, kal tak pakka kar dunga, friday salary aayegi, usse pehle transfer kar dunga 🙏",promise_to_pay,22,8000,mobile loan EMI,cooperative,hyderabad,friday,8000.0,,waiting_for_salary,True,False
"Anna ₹15000 ke BNPL payment ki last date 25 din pehle nikal gayi thi. Aapki CIBIL score par asar pad sakta hai, okay ra?","Sorry boss, abhi thoda muskil hai, definitely kal se kal tak kar dunga",refusal,25,15000,BNPL payment,evasive,hyderabad,,,,financial,True,False
"Sagar ji ₹8500 EMI due hai. 25 din ho gaye, ab late fees bhi dena padega. CIBIL score impact padega, nako?","Re, maine 2 din pehle UPI kar diya tha. Aap logon ke system mein koi issue hai, kay?",dispute,25,8500,business loan EMI,worried,hyderabad,,,payment made,technical issue,True,False
"Vishal ji, ₹2800 EMI 22 din ho gaye. Late fees ₹200 lag gaye hain. UPI se kar dein: rzp.io/pay","abhi nahi kar paunga, kuch time chahiye, 2-3 din mein payment kar dunga",promise_to_pay,22,2800,credit line EMI,evasive,pune,2-3 days,2800.0,,time required,False,False
"Rahul ji, ₹15000 ki EMI 24 din se pending hai. Aapko legal notice mil sakta hai, re. Thoda payment karein, settlement kar lete hain.","Abhi ₹5000 bhejta hun, baaki 2 hafte mein pakka bhejunga",partial_payment,24,15000,mobile loan EMI,angry,mumbai,null,5000.0,,temporary financial difficulties,False,True
"Rahul bhai, ₹10000 bike loan EMI ke liye bol, aapke account pe late fees bhi lag raha hai. UPI se payment link bhej raha hoon. 📈","Haan haan, next week tak pakka karta hun, thoda time do 🤞",refusal,7,10000,bike loan EMI,evasive,bangalore,,,,vague timeline,False,False
"Bhai, ₹18000 ke EMI ka payment karo, UPI se turant kar sakte ho, 25 din ho gaye","Nahi kar sakta, abhi kuch nahi kar sakte, bolte raho",refusal,25,18000,credit line EMI,angry,delhi,,,,,False,False
"Sunil ji, ₹10000 EMI 9 din overdue hai. Settlement ka option bhi hai. Call karein 9876543210","Yaar, abhi kuch din aur de do. Pakka kar dunga 🙏",promise_to_pay,9,10000,business loan EMI,polite,delhi,null,,,vague_timeline,False,False
"Sir ₹4500 EMI 27 din se overdue hai. Late fees lag rahi hai, CIBIL score bhi impact hoga. UPI maadtini ₹4500 karenge?","Sir bekku 10 din aur do, uncle ki tabiyat kharab hai, uske baad settle karta hoon. 🙏",needs_more_time,27,4500,business loan EMI,worried,bangalore,next Saturday,2250.0,,family emergency,True,False
"Sachin ji, ₹6000 EMI 8 din overdue. CIBIL affect hoga, so please settle kar lein: rzp.io/pay","Arre re, abhi thoda time chahiye. 2-3 din mein zarur kar dunga 🙏",promise_to_pay,8,6000,BNPL payment,evasive,mumbai,,,,needs time,True,False
"Anil ji, aapki ₹25000 ki EMI 41 din se pending hai. Turant payment karein, nahi toh settlement ke liye bolna hoga.","Theek hai bhai, kal tak kar dena, pakka. Abhi thoda busy hun 🙏",refusal,41,25000,credit line EMI,cooperative,delhi,tomorrow,25000.0,,busy,False,False
"Priyanka ji aapka ₹3200 EMI 77 din se due hai, aapko late fees bhi dena padega. Pakka payment karein.","Bhai, mera loan ₹2800 ka tha, aap extra ₹500 kyun maang rahe ho? 😡",dispute,77,3200,mobile loan EMI,angry,delhi,,,incorrect amount,,False,False
"Namaste sir, aapka ₹8000 EMI 9 din se overdue hai. UPI maadtini ₹4000 abhi bahej sakte hain?","Illa, sir abhi ₹4000 hi ho paayega. Baaki 10 tarikh ko bejhunga.",partial_payment,9,8000,personal loan EMI,polite,bangalore,10,4000.0,,,False,False
"Ankit ji ₹6500 due hai. EMI miss karne se CIBIL score kharab hoga, re. Settlement option bhi hai, lekin usmein extra charges dena padega","Mujhe 10% interest nahi dena. Mera loan 5000 ka tha, aap logon ne extra charges kyun lagaye?",dispute,25,6500,business loan EMI,angry,pune,,,incorrect amount,disagreement,True,False
"Kumar ji, ₹1500 EMI 50 din due. Late fees ₹200 ho gaye hain. UPI se kal tak payment karein: rzp.io/pay 📝","Theek hai Anna, kal tak zaroor payment kar dunga 🤞",promise_to_pay,50,1500,credit line EMI,worried,hyderabad,kal,1500.0,,,False,False
"Sir, ₹3500 EMI 22 din ho gaye. UPI se kar dein illa account block ho jayega. rzp.io/pay. CIBIL score affect hoga.","bekku sir, kal se transfer kar dunga 🙏. Salary delay hui thi",promise_to_pay,22,3500,business loan EMI,polite,bangalore,tomorrow,3500.0,,salary delay,True,False
₹12000 bike loan EMI ke sath ₹2500 late fees bhi ho gaya hai. Sir aapka CIBIL score bhi impact hoga. ₹14500 clear karein please.,sir bekku jo karna ho karo,refusal,88,12000,bike loan EMI,angry,bangalore,,,,,True,True
"Sachin ji ₹10500 bike loan EMI 24 din overdue hai. CIBIL score kharab ho jayega, turant UPI se payment karein.","yaar sach mein paisa nahi h, abhi do hafte aur de do please 🙏",needs_more_time,24,10500,bike loan EMI,polite,delhi,14,,,family_problem,True,False
"Kumar ji, ₹4800 EMI 17 din late ho gayi. ₹4840 (late fees) UPI se jaldi karein: phonepe.co/pay. Settlement option bhi hai.","illa, kal office se baahar hoon, 25th ko kar dunga 🙏",promise_to_pay,17,4800,BNPL payment,polite,hyderabad,25th,4840.0,,out of town,False,False
"₹15000 EMI bohot din ho gaye, 31 days overdue hai. ₹7500 abhi bhejne ki kripa karein, nahi to late fees bhi lagech aur CIBIL score bhi kharab hoga."," ₹3000 abhi bhej raha hun, baaki 25 tarikh ko pakka bhejunga. Aap log samjhana band kar do, samajh rahe hain. Settlement karne ki zarurat nahi hai.",partial_payment,31,15000,credit line EMI,resigned,mumbai,25,3000.0,,,True,False
"Ramesh ji, bike loan EMI ₹4500 ka 55 days overdue hai. CIBIL score affect hoga, abhi karein: rzp.io/pay","bhai thoda patience rakhna, aaj hi karta hun 🙏",promise_to_pay,55,4500,bike loan EMI,worried,bangalore,today,4500.0,,,True,False
Rohan ji ₹2500 ki EMI 38 din se due hai. Settlement option hai. UPI se payment karein: rzp.io/pay. Late fees ke sath CIBIL affect hoga.,"bhai abhi busy hoon, kal call karta hoon 🙏",promise_to_pay,38,2500,personal loan EMI,evasive,delhi,,,,busy,True,False
"Arre, ₹3800 EMI 48 din overdue. CIBIL score pe asar padega. UPI se payment karein: rzp.io/pay",Kya kar rahe ho bhai? Paise nahi hai. Kuch settlement ho sakta hai?,promise_to_pay,48,3800,mobile loan EMI,desperate,mumbai,,,settlement,lack of funds,True,False
"Sir, ₹12000 EMI overdue hai. Full payment karein, CIBIL score impact ho raha hai.","Sir, ₹6000 abhi bhej sakta hun, baaki 15 tarikh ko bhejunga, illa 5% late fees toh nahi lagega?",partial_payment,19,12000,personal loan EMI,cooperative,bangalore,15,6000.0,,,True,False
"Neha ji ₹9000 EMI overdue hai, poora ek baar mein nahi hoga toh ₹4500 abhi bhej sakte hain? UPI link bhejta hun.","Sorry sir, ₹3000 abhi bhej sakti hun, baaki 20 tarikh ko pakka 😊",partial_payment,9,9000,BNPL payment,polite,bangalore,20,3000.0,,,False,False
"Kunal ji, ₹6500 ka bike loan EMI 79 din se pending hai. Bol, kab tak payment kar rahe ho?","Abhi thoda time de do bhai, maine kuchh din pehle UPI kar diya tha, lekin account se paise kat gaye",dispute,79,6500,bike loan EMI,desperate,delhi,,,payment not received,funds issue,False,False
"Rajesh ji, ₹18000 ka payment 38 din ho gaye. Legal action lena padega. Please clear karein.",Band karo yeh messages. Main court mein milta hun,refusal,38,18000,BNPL payment,angry,bangalore,,,,,False,True
"Rahul ji, ₹2500 EMI 24 din overdue. Late fees bhi lag rahi hai. Abhi karein: rzp.io/pay","Kuch nahi sir, kal office se paise nikalwaunga",promise_to_pay,24,2500,mobile loan EMI,polite,bangalore,tomorrow,2500.0,,office_procedure,False,False
"Anna ₹12000 bike loan EMI pending hai, 82 days ho gaye. Full payment karein, okay ra? CIBIL score bhi kharaab hoga.","Boss, abhi ₹6000 bhej sakta hun, baaki 10 din mein zaroor karenge.",partial_payment,82,12000,bike loan EMI,cooperative,hyderabad,10,6000.0,,,True,False
"Rahul ji, ₹3000 bike loan EMI 5 din late ho gayi. Lagech tension ho raha hai, re. Abhi UPI se kar dein: rzp.io/pay","Bhai, thoda busy tha. Aaj hi kar dete, lekin kitna late fees lagega?",promise_to_pay,5,3000,bike loan EMI,evasive,chennai,,,,busy,False,False
Nako ₹9000 ka EMI late fees ke saath settle karein. Aapka CIBIL score kharab ho raha hai.,"Lagech, paisa nahi hai. Kabhi bhi kar dunga, bas thoda time do 🙏",needs_more_time,20,9000,personal loan EMI,resigned,mumbai,,,,vague_timeline,False,False
"Kunal ji aapka ₹5000 EMI 77 din ho gaya due, sun, aapko turant payment karna hoga nahi to legal action lena padega.","Bhai, main koshish kar raha hoon, lekin mere paas paise nahi hain, kuch din aur dijiye 🙏",dispute,77,5000,mobile loan EMI,evasive,delhi,,,,financial difficulty,False,True
"₹5000 business loan EMI 15 din se overdue hai. Aapka CIBIL score kharaab ho raha hai, kindly ₹5000 UPI se settle karein.","Yaar ₹5000 to abhi nahi kar sakta, agle mahine ₹10000 kar dunga, ek hafte ka time do",needs_more_time,15,5000,business loan EMI,cooperative,mumbai,ek hafte,10000.0,,temporary_cash_shortage,True,False
"Rahul ji, ₹6500 EMI 9 din overdue. Settlement ka option bhi hai. Abhi karein: rzp.io/pay","bhai thoda patience rakho, next week zarur kar dunga, thanks 🙏",promise_to_pay,9,6500,personal loan EMI,resigned,hyderabad,next week,6500.0,,time request,False,False
"Arre, ₹15000 ka EMI 30 din ho gaye. Aapka CIBIL score bahut affect ho raha hai. Thoda jaldi karein: rzp.io/pay","Bhai, maine thoda time le liya hai. Next month transfer kar dunga.",promise_to_pay,30,15000,BNPL payment,evasive,mumbai,,,,vague_timeline,True,False
Saurabh ji ₹4800 EMI 30 din overdue. CIBIL score ko nuksaan hoga. Abhi karein: rzp.io/pay. Late fees ₹200 lagech hai,bhai thoda samajh lo. office mein problem chal rahi hai. kal baat karte hain,promise_to_pay,30,4800,credit line EMI,worried,mumbai,,,,office problem,True,False
"Sir, ₹5500 business loan EMI 19 din se overdue hai. Late fees ₹350 lag rahi hai. UPI se turant settle karein, CIBIL score kharab ho jayega.","Sir, 5 din aur chahiye, wo time par denge. Transaction Reference No. bhej dijiye.",needs_more_time,19,5500,business loan EMI,cooperative,bangalore,5 din,5500.0,,,True,False
"Bhai, ₹9000 ka EMI 6 din se overdue hai. UPI link bhejta hun. Turant payment karein.","Yaar, ₹3000 abhi bhejta hun. Baaki 10 tarikh ko pakka. Interest nahi lagu karein, plz.",partial_payment,6,9000,mobile loan EMI,desperate,chennai,10,3000.0,,health issue,False,False
"Hi anna, ₹6500 mobile loan EMI 22 days overdue. Late fees bhi lagega. Abhi UPI se payment karein: rzp.io/pay, CIBIL score bhi affect hoga.","Sorry boss, aaj hi kar dunga, office mein thoda busy tha, definitely kar dunga 🙏",promise_to_pay,22,6500,mobile loan EMI,polite,hyderabad,today,6500.0,,busy,True,False
"Arre, Sagar ji, ₹10000 EMI due hai, 85 din se due hai. Poora payment karke EMI schedule follow karein.","Sorry re, 5000 abhi UPI se bhejta hun, baaki 15 din mein pakka. Late fees maaf kar dena",partial_payment,85,10000,mobile loan EMI,desperate,mumbai,15,5000.0,,,False,False
"Rohan ji ₹11000 BNPL payment 41 din se pending. EMI bharne mein delay ho raha hai, aaj settle karein. RBI guidelines ke anusar aapko notice bhejna pad sakta hai.","kay sir, paisa jaldi jama karwaunga. Abhi out of station hoon, next week aapko paisa bhejunga, aapko promise karta hoon 😊",needs_more_time,41,11000,BNPL payment,worried,bangalore,,,,travel_problem,False,True
"Rahul ji, ₹18000 EMI 79 din overdue hai. Bol, abhi payment karein: rzp.io/pay. CIBIL score affect hoga aur late fees bhi lag rahi hai","Bhai, thoda time do. Next week payment kar dunga. Pakka 🙏",promise_to_pay,79,18000,credit line EMI,evasive,delhi,,,,time,True,False
"Arre, ₹9500 bike loan EMI 20 din se overdue hai. Late fees lag rahi hai, aapka CIBIL score bhi impact hoga. Abhi settlement karein.","Nako re, ₹2000 abhi kar sakta hoon. Baki 15 din mein kar dunga. Mera business thoda kharab chal raha hai.",needs_more_time,20,9500,bike loan EMI,evasive,mumbai,15 din,7500.0,,business problem,True,False
₹8000 ka EMI pending hai. Kab tak karoge payment? Settlement offer hai 70% amount pe.,"enti anna, main kal kar dunga. lekin 70% pe settlement karoge to main abhi kar sakta hoon.",dispute,69,8000,credit line EMI,resigned,hyderabad,tomorrow,5600.0,not specified,accepting settlement,False,True
"Sir, aapka ₹7000 ka EMI due hai 59 din ho gaye. Late fees bhi lagegi. Aapko kuchh samajh mein aata hai?","Nahi, sir. Mera loan ₹6000 ka tha. Extra charges kyun lage rahe ho? Ye galat hai.",dispute,59,7000,bike loan EMI,angry,hyderabad,,,incorrect amount,incorrect loan amount,False,False
"Arre ₹5500 ka EMI 30 din se overdue hai, aapko CIBIL score par asar pad sakta hai. Abhi payment karein.","Maine payment kar diya tha, aapke system mein problem hai, UPI reference number de doon?",dispute,30,5500,credit line EMI,desperate,mumbai,,,payment not reflected,system error,True,False
"Sir ₹10000 EMI pending hai, settlement option available hai. Aap kitna abhi pay kar sakte ho?","boss 4000 abhi de sakta hun, baaki 15 tarikh ko, definitely, UPI se payment kar dunga",partial_payment,3,10000,credit line EMI,cooperative,hyderabad,15,6000.0,,,False,False
"Vikram ji, ₹12000 personal loan EMI bahut overdue ho gaya. CIBIL score kharaab hoga, turant contact karein. Payment link: <link>","Bhai, sach mein business mein problem chal rahi hai. Next month double kar dunga, bas thoda time do",needs_more_time,13,12000,personal loan EMI,desperate,mumbai,next_month,24000.0,,business_problem,True,False
"Rahul sir, ₹12000 ka EMI 28 din se pending hai. Aapka CIBIL score bhi impact hoga. UPI maadtini ₹12000 settle karein.","Illa bekku sir, abhi thoda tight hoon. Next month zaroor pay karta hun 🙏",refusal,28,12000,personal loan EMI,polite,bangalore,,,,financial constraint,True,False
"Amit ji ₹8000 EMI 30 din se pending hai. Late fees lagu hoga, abhi kar dein: rzp.io/pay","kal office mein busy tha, aaj evening mein pakka kar dunga",promise_to_pay,30,8000,business loan EMI,desperate,delhi,today,8000.0,,office work,False,False
"Arre bhaiya ₹5000 bike loan EMI ke 12 din ho gaye, nako late fees lag rahi hai, aaj hi settle karein, UPI se payment link bhej raha hoon.","Yaar, thoda aur time chahiye, business mein thoda problem chal raha hai, next week zarur kar dunga 🙏",needs_more_time,12,5000,bike loan EMI,polite,mumbai,next week,5000.0,,business problem,False,False
Bhai ₹4500 EMI kal due thi. Aaj tak payment nahi aayi. UPI se kar dein: rzp.io/pay,"sun, kal office mein meeting thi, kal evening ko zarur kar dunga",promise_to_pay,30,4500,business loan EMI,cooperative,delhi,tomorrow,4500.0,,office meeting,False,False
"Lagech ₹18000 bike loan EMI 58 din se overdue hai. Aaj settle karein, nahi to CIBIL score kharab hoga.","Bilkul, kal tak aapko paisa milega, abhi thoda busy hoon",needs_more_time,58,18000,bike loan EMI,evasive,mumbai,kal,18000.0,,busy,True,False
"Rahul ji, ₹10000 EMI 22 din ho gaye due. CIBIL score affect hoga, abhi karein UPI se: rzp.io/pay","bhai thoda time do, settlement karne ko soch raha hoon. Call back karna",promise_to_pay,22,10000,credit line EMI,cooperative,mumbai,,,settlement,,True,False
"Amit ji ₹8200 BNPL payment 41 din overdue. Late fees lag rahi hai, aaj UPI se payment karein. CIBIL score par asar pad sakta hai, settlement ke liye samay kam ho raha hai.","re sir, paisa jama karwaunga. Abhi thoda tight hoon, next week aapko paisa bhejunga, aapko promise karta hoon 🙏",needs_more_time,41,8200,BNPL payment,cooperative,pune,,,,cash_problem,True,False
"Rahul ji, ₹12000 credit line EMI bahut overdue hai. Aaj settle karein, RBI guidelines ke mutabiq CIBIL report bhi impact karega.","Bhai sach mein paisa nahi h, mummy hospital mein hain 10 din aur do please 🙏",needs_more_time,85,12000,credit line EMI,worried,delhi,10 din,,,family_problem,True,False
"Yaar, ₹22000 ke EMI ka payment karo, settlement karte hai, 25 din ho gaye, CIBIL score par asar padega","Bhai, thoda time do, main kuch nahi kar sakta, pakka kal tak kar dunga",refusal,25,22000,credit line EMI,evasive,delhi,kal,22000.0,,,True,False
"Arre bhai ₹35000 bike loan EMI 58 din se overdue hai. Late fees lag rahi hai, aaj settle karein, CIBIL score bhi kharab hoga.","Yaar, thoda time do, next month aapko pura paisa milega, abhi business mein problem chal raha hai 🙏",needs_more_time,58,35000,bike loan EMI,polite,mumbai,next month,35000.0,,business_problem,True,False
"Priya ji, aapke ₹10000 ka EMI 40 din se pending hai. Kay aap poora payment kar sakti hain?","Sorry, ₹4000 abhi bhej sakti hun. Baaki kal karta hun",partial_payment,40,10000,BNPL payment,cooperative,mumbai,1,4000.0,,,False,False
Madam ₹18000 ke EMI ke against legal notice jald hi bhejna padega. Abhi payment karein to aapki CIBIL score acchi rahegi.,"Nahi sir, aap mujhe thoda aur waqt dein. Main aapko EMI jald hi transfer karta hun.",refusal,44,18000,business loan EMI,worried,bangalore,null,,null,unwillingness,True,True
Suman ji ₹12000 ka BNPL payment 74 days overdue hai. CIBIL score kharaab hoga. ₹3000 ka settlement offer hai,Maine paise nahi hain. Kabhi nahi denge 😊,refusal,74,12000,BNPL payment,angry,bangalore,,,,financial difficulties,True,False
"Vijay ₹58000 49 din se EMI pending hai, enti 1 month se late fees lag rahi hai. Aaj turant contact karein.","yar 2 din aur do, ghar mein problem chal raha hai",needs_more_time,49,58000,bike loan EMI,desperate,hyderabad,2 din,,,family problem,False,False
"Karan ji, ₹9000 personal loan EMI overdue 13 din. CIBIL score kharaab hoga, turant contact karein. UPI link: <link>","Kay, re, 20 din mein zarur karenge. Abhi thoda problem chal rahi hai",needs_more_time,13,9000,personal loan EMI,cooperative,mumbai,20,9000.0,,vague_problem,True,False
₹18000 credit line EMI pending hai. CIBIL score par impact padega. Please UPI se payment karein.,definitely karta hun lekin thoda time de do. Ghar wale bimaar hai 🤒,refusal,26,18000,credit line EMI,worried,hyderabad,,,,,True,False
"Arre Sameer ji, ₹1800 EMI 15 din ho gaye due. Aaj tak kuch nahi aaya. CIBIL score affect hoga. Abhi karein: rzp.io/pay","Bhai, office mein busy tha. Dekho, abhi karoonga",promise_to_pay,15,1800,business loan EMI,evasive,mumbai,,,,busy,True,False
"Arre ₹4500 ka EMI aapka 55 din se pending hai, plz UPI se payment karein. Late fees bhi lagech.",Maine 10 din pehle UPI kar diya tha aap check karo na,dispute,55,4500,BNPL payment,polite,mumbai,,,payment_already_made,,False,False
"Rahul ji ₹9000 EMI pending hai, aapke account mein late fees bhi add ho gaye hain.","sir, maine ₹5000 to diya tha, baki ₹4000 agle hafte denge.",dispute,80,9000,personal loan EMI,evasive,bangalore,next week,4000.0,,partial payment,False,False
"Sachin ji ₹9200 BNPL payment 41 din overdue. Late fees lag rahi hai, UPI se settlement karein. CIBIL score par asar pad sakta hai, samay kam ho raha hai.","lagech sir, paisa jama karwaunga. Abhi thoda time do, next month aapko double paisa bhejunga, aapko promise karta hoon 🙏",needs_more_time,41,9200,BNPL payment,resigned,chennai,,,,cash_problem,True,False
Kay re Sunita ji ₹11000 bike loan EMI pending hai. Aapka CIBIL score impact hoga. Kab tak karoge payment?,"Thoda time do, main is hafte mein kar dunga. Aap log itne jaldi kyun message karte ho?",refusal,29,11000,bike loan EMI,evasive,mumbai,,,,time_request,True,False
"Sachin ji, ₹15000 mobile loan EMI 49 din se overdue hai. Late fees lag rahi hai, aapko UPI se payment karna hoga. Kay aap settle karne ke liye ready hain?","Lagech bhai, main kal hi payment kar dunga. Ghar mein problem chal rahi thi 🙏",needs_more_time,49,15000,mobile loan EMI,worried,mumbai,tomorrow,15000.0,,family_problem,False,False
"Sir, ₹4500 EMI 24 din ho gaye. UPI maadtini karein: rzp.io/pay. CIBIL score affect hoga","🙏 sir maaf kijiye, ghar ki kuch problems thi. Abhi transfer karunga",promise_to_pay,24,4500,mobile loan EMI,firm,bangalore,today,4500.0,,family_problem,True,False
"₹18000 pending hai, 67 days ho gaye hain. UPI se payment karein ya humein settlement ke liye call karein. CIBIL score impact ho sakta hai.","Enti ₹9000 abhi bhej sakta hun, baaki 15 tarikh ko pakka",partial_payment,67,18000,BNPL payment,resigned,hyderabad,15th,9000.0,,,True,False
"Pankaj ji, aapka ₹9000 personal loan EMI 75 days overdue hai. Settlement offer hai, 80% payment karein to baaki maaf.","Bhai, thoda aur time do. 7200 abhi bhejta hun, aur kuch nahi bolna.",partial_payment,75,9000,personal loan EMI,desperate,mumbai,,7200.0,,time constraint,False,False
"Sunita ji, ₹18000 personal loan EMI pending hai. Late fees bhi lag raha hai. Pakka payment karein, nahi to CIBIL affect hoga.","Mujhe nahi pata tha, abhi kar deti hun, lekin thoda time lagega 🙏",refusal,14,18000,personal loan EMI,desperate,mumbai,15th,10000.0,,unaware,True,False
Amit ji ₹7000 due hai 55 din se. UPI se payment karein.,Sir maine koshish ki thi par account mein balance nahi tha. Pehle ek installment miss ho gaya tha. CIBIL par effect padega na?,dispute,55,7000,mobile loan EMI,worried,bangalore,,,insufficient funds,financial issue,True,False
"Bhai ₹15000 bike loan EMI 58 din se overdue hai. Aaj settle karein, nahi to late fees lag rahi hai.","Yaar, thoda time do, next week aapko paisa milega, abhi thoda problem chal raha hai, CIBIL score bhi nahi kharab karna hai 🤞",needs_more_time,58,15000,bike loan EMI,cooperative,mumbai,next week,15000.0,,problem,True,False
"Rahul ji, ₹18000 pending hai. Aapka CIBIL score affect ho sakta hai. Kripya full payment karein.","Bhai ₹9000 abhi bhej raha hun, baaki 15 tarikh ko. Pakka kar lo.",partial_payment,40,18000,business loan EMI,desperate,delhi,15,9000.0,,business issues,True,False
"Anna ₹28000 ka personal loan EMI pending hai. 64 days ho gaye hain, CIBIL score bhi affect ho raha hai. Kripya UPI se payment karne ki koshish karein.","sorry anna, main kuch nahi kar sakta abhi 😞",refusal,64,28000,personal loan EMI,resigned,hyderabad,,,,,True,False
Anna ₹12000 ka BNPL payment 54 din se overdue hai. CIBIL score affect ho sakta hai. Late fees bhi lagu ho rahi hai. Abhi UPI se kar dein: rzp.io/pay 🙏,"Sorry boss, definitely kar dunga. Kal office se discuss karke, aaj payment kar dunga. Okay ra? 🙏",promise_to_pay,54,12000,BNPL payment,polite,hyderabad,aaj,12000.0,,,True,False
"Arre, ₹12000 ka EMI 20 din se overdue hai. Aapka CIBIL score bhi impact ho raha hai. Thoda settlement ke liye UPI se payment karein.","Yaar, abhi paisa nahi hai. Thoda time do, next week kar dunga 🙏",needs_more_time,20,12000,personal loan EMI,polite,mumbai,,,,financial_problem,True,False
"Rajesh ji ₹15000 personal loan EMI 51 din se overdue hai. Late fees ₹500 lag chuki hain. Turant settlement karein, nahi toh CIBIL score kharaab ho jayega.","bhai mafi chahata hu, abhi thoda time do, next month pakka 2 EMI ek saath kar dunga 🙏",needs_more_time,51,15000,personal loan EMI,desperate,delhi,,,,family_problem,True,False
"Arre Ramesh ji, ₹12000 personal loan EMI 14 din se pending hai. Thoda late fees bhi lagech hai. UPI se payment karein, link: <payment link>","Bhai abhi ₹6000 de sakte hai, baaki 10 din mein pakka karenge.",partial_payment,14,12000,personal loan EMI,polite,mumbai,10 days,6000.0,,,False,False
"Boss ₹15000 EMI pending hai, 28 din ho gaye hain. CIBIL score pe impact padega. Abhi tak poora payment nahi hua hai. Legal notice bhi aa sakta hai.","Anna, ₹7500 abhi bhejta hun, baaki 20 tarikh ko zaroor karenge. Sorry boss, thoda financial issue tha. Please, legal notice nahi bhejna.",partial_payment,28,15000,credit line EMI,worried,hyderabad,20,7500.0,,financial issue,True,True
"Suman ji ₹10000 ka EMI pending hai, 7 days ho gaye hain. ₹10000 pay karne ka link bhejta hoon. Late fees bhi lagega. CIBIL score kharaab hoga agar settlement nahi hoga","Sorry sir, main kuch din mein pay kar dunga. Paisa abhi nahi hai",refusal,7,10000,mobile loan EMI,apologetic,bangalore,,,,financial constraint,True,False
"Amit ji, ₹7000 personal loan EMI due hai. Late fees bhi lagu ho gaye hain. Kay aapko pata hai aapka CIBIL score kharab ho sakta hai?","Yeh amount galat hai re, mera loan ₹6000 ka tha. Extra charges kyun lagaye?",dispute,21,7000,personal loan EMI,desperate,mumbai,,,incorrect amount,incorrect calculation,True,False
"Vivek ji ₹25000 business loan EMI 28 din se pending hai. Bol, kab tak settlement kar sakte hain? CIBIL score par asar pad raha hai.","Mujhe 5 din aur chahiye, main ₹12500 ki installment dete hoon, baaki ₹12500 agle mahine.",needs_more_time,28,25000,business loan EMI,cooperative,hyderabad,5 days,12500.0,,cash flow problem,True,False
"Re, ₹28000 ka payment overdue hai. RBI guidelines ke according humein action lena hoga. Please clear karein.","Sorry 🤕, abhi nahi de sakte. Ek hafte mein de dunga",refusal,38,28000,BNPL payment,worried,hyderabad,next week,,,financial difficulties,False,True
"Kunal ji, ₹10000 EMI 8 din overdue. Late fees ₹500 already lagech. Abhi settle kar lein: rzp.io/pay","Kay re, itna late fees kyu laga diya? Kal tak kar dunga, sorry 🙏",promise_to_pay,8,10000,BNPL payment,worried,mumbai,kal,10500.0,,,False,False
"Ankit bhai ₹8500 ka EMI baki hai, 62 din se pending hai. Turant payment karein.","Yaar maine 10 din pehle UPI kar diya tha, aap check kar lo system mein problem hai.",dispute,62,8500,mobile loan EMI,polite,delhi,,,payment,system,False,False
"Anjali ji, ₹5500 ka EMI due hai. Late fees ₹1500 lag gaya hai.","Illalla, maine paise arrange karne hai, kal tak ₹3000 kar deta hoon, baaki ₹2500 next week?",dispute,33,5500,personal loan EMI,evasive,bangalore,kal,3000.0,,arranging funds,False,False
"Boss, aapka ₹15000 ka BNPL payment 30 din se overdue hai. UPI se abhi payment karein, varna CIBIL score par asar padega. Okay ra?","Abhi kuch din ka time do, main settlement karunga 🤞",refusal,30,15000,BNPL payment,polite,hyderabad,,,,time_request,True,False
"Deepak ji ₹9800 overdue ho gaya 12 din. Payment link bhejta hoon, turant settle karein, yaar.","bhai sach mein paisa nahi h, ghar mein shaadi hai 1 month aur do please 🙏",needs_more_time,12,9800,mobile loan EMI,resigned,chennai,1 month,9800.0,,family event,False,False
"Amit ji ₹8200 EMI bahut overdue ho gayi. Turant payment karein, RBI rules ke mutabiq CIBIL score par asar padega.","yaar business mein thoda problem chal raha, next month double kar dunga, pakka",needs_more_time,12,8200,mobile loan EMI,desperate,mumbai,next month,16400.0,,business,True,False
"Aapka ₹15000 ka bike loan EMI 1 day se overdue hai, lagech settlement karein please. Aapko late fees bhi dena padega","Sorry yaar, abhi thoda time de do, next week mein karunga",refusal,1,15000,bike loan EMI,cooperative,mumbai,next week,,,request for time,False,False
Sir ₹8500 EMI due hai 55 din se. Bekku payment karein.,illa 10 din pehle UPI maadtini thi transaction Reference number hai 123456. Aapke system mein problem hai,dispute,55,8500,mobile loan EMI,angry,bangalore,,,payment not updated,technical issue,False,False
"Amit ji, ₹8000 EMI 10 din overdue. Late fees lag rahi hai. Abhi karein: rzp.io/pay 🕒","bhai, salary abhi nahi aayi. Agli salary se pakka kar dunga, 15th tak zarur karenge 🤞",promise_to_pay,10,8000,BNPL payment,cooperative,mumbai,15th,8000.0,,salary_delay,False,False
Sir ₹22000 ke EMI ke liye ₹1000 late fees lag gaye hain. UPI maadtini use karein please.,"Nahi sir, aap kuch din aur dein. Main aapko transaction reference jald hi bhejta hun.",refusal,44,23000,business loan EMI,resigned,bangalore,null,,null,avoidance,False,False
"Arre, ₹12000 ka EMI 30 din ho gaye. Aapka CIBIL score affect ho raha hai. UPI se thoda jaldi karein: rzp.io/pay","Bhai, thoda time do. Kal salary aayegi, usse pehle transfer kar dunga 🙏",promise_to_pay,30,12000,BNPL payment,polite,mumbai,tomorrow,12000.0,,salary_pending,True,False
"Rohan bhai, ₹3200 bike loan EMI 2 din ho gaye overdue. Late fees lag raha hai. Turant UPI se payment karein: rzp.io/pay 🙏","Yaar kal pakka kar dunga, aaj ghar mein kuch kaam tha 🙏",promise_to_pay,2,3200,bike loan EMI,polite,delhi,kal,3200.0,,personal,False,False
"Ankit ji ₹15000 EMI overdue hai, legal action lena pad sakta hai.","Bhai ₹7500 abhi bhejta hun, baaki 30 tarikh ko pakka. Payment link bhej do, aur settlement ke liye bhi bolna.",partial_payment,12,15000,credit line EMI,resigned,delhi,30,7500.0,,,False,True
"Arre Amit, ₹5500 ka EMI 31 din ho gaye. Abhi tak kyun nahi diya? Nako, CIBIL pe impact padega. UPI se jaldi karein: rzp.io/pay 🙏","Sorry bhai, kal pakka kar dunga. Thoda busy tha office mein 🙏",promise_to_pay,31,5500,personal loan EMI,polite,mumbai,kal,5500.0,,busy,True,False
"Vishal ji, ₹5000 bike loan EMI 15 din ho gaye. UPI se kar dein: rzp.io/pay","sun bhai, kal tak karwa dunga, aaj thoda busy tha 🙏",promise_to_pay,15,5000,bike loan EMI,polite,delhi,tomorrow,5000.0,,work,False,False
Sir ₹20000 ke against ₹5000 late fees lag gaye hain. Settlement options discuss karte hain?,"Nahi sir, aap kuch din aur dein. Bekku main kuch din mein transaction kar dunga.",refusal,44,25000,business loan EMI,evasive,bangalore,null,,null,avoidance,False,False
"Sir, ₹1800 ka EMI 20 din ho gaye. Late fees ₹300 lag gaye. UPI maadtini use karein: rzp.io/pay. CIBIL score maintain karna zaroori hai.","dekhiye sir, maine pata nahi sir, office mein kuchh issues ho gaye, kal tak zaroor karwa dunga",promise_to_pay,20,1800,BNPL payment,evasive,bangalore,kal,1800.0,,busy,True,False
"Rahul ji ₹9500 BNPL payment 41 din overdue. Late fees lag rahi hai, UPI se settle karein. CIBIL score par asar pad sakta hai.","arre thoda time do, mera business abhi slow chal raha hai. Next month aapko double paisa bhejunga 🙏",needs_more_time,41,9500,BNPL payment,polite,mumbai,,,,business_problem,True,False
"Vikram sir, ₹12000 bike loan EMI bahut overdue hai. CIBIL score kharab ho sakta hai, turant UPI se payment karein.","Yaar, business mein thoda problem hai, 10 din mein ek baar mein payment kar dunga, bekku sir",needs_more_time,15,12000,bike loan EMI,cooperative,bangalore,10 din mein,12000.0,,,True,False
"Bhai, ₹5700 bike loan EMI bahut der se due hai. Legal notice bhejna padega. Pakka payment karein.","Sorry bhai, maine paise arrange karne mein thoda time lagaya. Kal tak payment karwa deta hoon.",dispute,51,5700,bike loan EMI,desperate,delhi,kal,5700.0,,financial issue,False,True
Kumar ji ₹15000 ka EMI 14 din se overdue hai. Aapka CIBIL score impact ho sakta hai. Turant settlement karein. UPI link bhej raha hoon.,"Definitely boss, kal tak kar dunga. Sorry yaar, thoda tight hai.",needs_more_time,14,15000,personal loan EMI,polite,hyderabad,tomorrow,15000.0,,temporary financial issue,True,False
Sir ₹18000 personal loan EMI 49 din overdue hai. Aapko late fees ka notice mil chuka hoga. Aap UPI se payment kar sakte hain. Kab tak kar sakte hain?,"Mujhe paisa nahi hai, aapko kuch din aur de do. Main aapko interest ke saath payment karunga. Bas meri CIBIL report ko kharab nahi karna",needs_more_time,49,18000,personal loan EMI,worried,hyderabad,,,,financial_problem,True,False
"Sunil bhai, ₹12000 EMI 9 din se overdue hai, late fees lag rahi hai. Aaj hi settlement karwa do, UPI link bhej raha hu","Yaar, business mein thoda problem chal raha hai, next week pakka kar dunga, aap turant ka pressure nahi do please 🙏",needs_more_time,9,12000,business loan EMI,cooperative,delhi,next week,12000.0,,business problem,False,False
"Kapil ji ₹1800 bike loan EMI 2 din se pending hai. Aapki EMI history achhi rahi hai, turant payment karein taaki CIBIL score maintain rahe. UPI link: upi://pay?pa=rbi@loan&pn=Loan%20Repayment&am=1800","Yaar business mein problem chal raha hai, mahine ke end tak zaroor kar dunga 🤞",needs_more_time,2,1800,bike loan EMI,worried,punjab,mahine ke end,,,,True,False
"Kumar ji aapki ₹12000 ki EMI bahut der se pending hai. Aaj hi UPI se payment karein, nahi toh legal action lena padega.","yaar business thoda slow chal raha hai, 15 din aur do, turant payment kar dunga",needs_more_time,51,12000,personal loan EMI,evasive,mumbai,15 days,12000.0,,business_problem,False,True
"Nako Priya ji, ₹18000 EMI overdue hai. Aapko pata hai CIBIL score par bhi asar padta hai. ₹9000 abhi de sakte hai to late fees bach sakte hai.","Sorry bhai, ₹9000 thoda mushkil hai. ₹4500 abhi de sakti hun, baaki 15 tarikh ko.",partial_payment,14,18000,personal loan EMI,desperate,mumbai,15 days,4500.0,,,True,False
"Vikram ji, ₹15000 EMI bahut overdue hai. RBI ke rules ke mutabik, humein aapko legal notice bhejna padega. Kay aap abhi settlement kar sakte hain?","Yaar, abhi nahi kar sakte. Business mein problem chal raha hai. Thoda time do, next month kar dunga.",needs_more_time,59,15000,mobile loan EMI,cooperative,chennai,next month,,,business_problem,False,True
Priya ji ₹28000 clear karein please. Ab toh EMI bounce charges ₹1000 lag gaye. UPI se ₹5000 kam se kam karein.,"Sorry sir, abhi kuchh din aur de do. Ghar pe kuchh problem hai. Kal se kuchh karenge",refusal,54,28000,bike loan EMI,worried,bangalore,tomorrow,5000.0,,personal_problem,False,False
"₹11000 ka payment due ho gaya hai, re. Aapka CIBIL score bhi kharab hoga, agar nahi pay kiya.","Sorry re, main try karta hun kal tak kar du.",refusal,21,11000,credit line EMI,worried,mumbai,kal,11000.0,,time constraint,True,False
"Ramesh ji ₹15000 pending hai, 47 days ho gaye, warna legal notice jaayega, enti okay ra?","thik hai, abhi 7500 bhejta hun, baaki 25 tarikh ko zaroor karenge, sorry for delay 🤕",partial_payment,47,15000,BNPL payment,worried,hyderabad,25,7500.0,,,False,True
"Sir, ₹18000 ka EMI bohot din se pending hai. Aap UPI maadtini ₹9000 abhi bhej sakte hain?","Sir, sorry 😊. 9000 abhi nahi ho payega, lekin 6000 kal bekku kar dunga",partial_payment,79,18000,BNPL payment,polite,bangalore,kal,6000.0,,financial constraints,False,False
"Amit ji, ₹9500 EMI kal due thi. Aaj tak payment nahi aayi. Late fees lagech hai. UPI se kar dein: rzp.io/pay","bhai kal office mein busy tha, abhi kar dunga, sorry 🙏",promise_to_pay,9,9500,personal loan EMI,polite,pune,abhi,9500.0,,busy,False,False
₹25000 pending hai aapke BNPL payment mein. 43 days ho gaye hain overdue. Legal notice bhi aa sakta hai.,bekku sir ₹12500 abhi bhej raha hun baaki 1 month mein pakka,partial_payment,43,25000,BNPL payment,worried,bangalore,1 month,12500.0,,temporary financial difficulty,False,True
"Nalini ji, ₹20000 ka EMI clear karna hai. Late fees bhi lag rahi hai. Aapne CIBIL score kharab ho jayega agar aapne settle nahi kiya.","Abhi nahi kar sakta, court mein milta hun 😡",refusal,84,20000,mobile loan EMI,angry,mumbai,,,,helplessness,True,False
"Illla ₹18000 ka EMI due hai, please UPI maadtini karke payment karein. Legal action lena padega agar payment nahi hui.","Mujhe pata hai sir, lekin mere pass abhi paise nahi hain. Main 1 hafte mein payment karunga, please legal action nahi karein.",dispute,90,18000,credit line EMI,worried,bangalore,1 week,18000.0,,lack of funds,False,True
Sir ₹4500 ki EMI 20 din se pending hai. UPI maadtini payment karein.,illa payment 10 din mein kar deta hoon.,dispute,20,4500,mobile loan EMI,polite,bangalore,,,payment timeline,delayed payment,False,False
"Rohan anna, ₹4500 BNPL payment 23 din overdue hai. Late fees bhi lag rahi hai. Okay ra, aap CIBIL score ko impact karte hue isse settle karein.","boss, sach mein paisa nahi h, 15 din aur do please 🙏",needs_more_time,23,4500,BNPL payment,polite,hyderabad,15 days,,,financial_difficulty,True,False
Rahul ji ₹3800 EMI 30 din ho gaye. UPI se thoda jaldi karein: rzp.io/pay. CIBIL score bhi affect hoga,arre bhai sorry 🙏 kal payment kar dete hain. office mein thoda busy chal raha hai. thodi fees bhi lagech kya?,promise_to_pay,30,3800,credit line EMI,polite,mumbai,kal,3800.0,,busy,True,False
"Hi, Priya ji, aapka ₹2500 ka BNPL payment due hai. Late fees bhi lagech. Jaldi karein.","Haan, maine kal tak karne ka socha tha",dispute,9,2500,BNPL payment,evasive,delhi,yesterday,,,lack of clarity,False,False
"Rahul ji, ₹22000 mobile loan EMI bahut overdue hai. Settlement offer karte hain, turant contact karein.","Nako bhai, paisa nahi hai, business mein problem chal raha hai, kay 2 hafte mein kar dunga.",needs_more_time,38,22000,mobile loan EMI,evasive,mumbai,,,,business,False,False
"Bhai, ₹15000 EMI 72 din overdue hai. CIBIL report affect ho raha hai. Turant payment karein: rzp.io/pay, nahi toh legal action lena padega","Arey, itna pressure kyun? Kal pakka kar dunga, aaj office mein busy tha 😒",promise_to_pay,72,15000,business loan EMI,angry,delhi,kal,15000.0,,busy,True,True
"Sir, ₹12000 mobile loan EMI 27 days overdue. Full payment karein, CIBIL score impact ho sakta hai.","Illa bekku 5000 abhi bhej sakta hun, baaki 10 tarikh ko pakka.",partial_payment,27,12000,mobile loan EMI,polite,bangalore,10,7000.0,,temporary financial difficulty,True,False
"Rahul ji, ₹4500 EMI 25 din overdue. Late fees ₹500 lagu hoga. Settlement karein: rzp.io/pay","haan bhai, kal pakka kar dunga. Aaj office mein meeting thi, time nahi mila",promise_to_pay,25,4500,credit line EMI,polite,bangalore,tomorrow,4500.0,,meeting,False,False
"Rajesh ji, aapka ₹9000 ka bike loan EMI 31 din se overdue hai. Legal notice bhejne ki zaroorat nahi hai, aap khud payment karein.","Bhai, mujhe 2 hafte ka time do, main 4500 bhej sakta hun, baaki 15 din mein pakka.",partial_payment,31,9000,bike loan EMI,evasive,delhi,15,4500.0,,request for time,False,True
Bhai ₹12000 ka EMI due ho gaya hai. Late fees bhi lag rahi hai. Settlement karne ke liye bol sakte hain. UPI link: https://upi.link/456,"Nahi kar sakta abhi, kuch din aur de do",refusal,14,12000,BNPL payment,evasive,delhi,kuch din,,,vague timeline,False,False
"Preeti ji, ₹18000 ka EMI 61 days se pending hai. Late fees bhi lag rahi hai, ₹5000 abhi bhej do.","Yaar, maine abhi₹2000 bheja hai, baaki ₹16000 kal bhejne ki koshish karta hun.",partial_payment,61,18000,mobile loan EMI,polite,delhi,tomorrow,16000.0,,temporary financial difficulties,False,False
"Sir, aapka ₹12000 ka business loan EMI 33 din se pending hai. UPI maadtini karke bekku karein.","Maine 2 hafte pehle UPI kar diya tha, aap log check karo",dispute,33,12000,business loan EMI,polite,bangalore,,,payment issue,technical issue,False,False
"Rajesh ji, ₹22000 ki EMI 16 din se pending hai. Aapka CIBIL score impact ho sakta hai, please settlement ka option dekhein.","Theek hai re, main kal tak ₹10000 deposit kar deta hun. Baaki ₹12000 next week",refusal,16,22000,credit line EMI,evasive,mumbai,tomorrow,10000.0,,request for partial payment,True,False
"Ramesh ji, aapki ₹18000 ki EMI 41 din se pending hai. CIBIL score par asar pad raha hai. Turant payment karein, nahi toh legal action lena padega.","Abhi nahi kar sakta, aap logon ko kuchh nahi pata hai, aap logon ko bas apna paisa chahiye 🤑",refusal,41,18000,credit line EMI,angry,delhi,,,,blame,True,True
"Rohan ji, ₹12000 ka EMI 61 days se pending hai. Poora amount turant bhar do, CIBIL score kharaab ho sakta hai.","Bhai, ghar ki situation theek nahi hai, ₹4000 abhi bhejta hun, baaki 2 hafte mein pakka karenge.",partial_payment,61,12000,mobile loan EMI,cooperative,delhi,15th,4000.0,,financial difficulties,True,False
"Sir ₹25000 EMI bohot din se pending hai. UPI se turant payment karein, nahi toh late fees lagu hoga.","Sun, ₹10000 abhi bhejta hun. Baaki kal tak bhejunga.",partial_payment,61,25000,credit line EMI,evasive,delhi,1,10000.0,,unspecified,False,False
"Yaar bhai ₹12000 EMI overdue hai, turant payment karwa dein.","Bhai ₹6000 abhi bhejta hun, baaki 10 tarikh ko pakka.",partial_payment,12,12000,credit line EMI,cooperative,delhi,10,6000.0,,,False,False
"Arjun ji, aapke ₹22000 ka BNPL payment 40 din se overdue hai. Thoda settlement karne ke liye soch lein, nahi to aapke CIBIL score par asar pad sakta hai.",Bhai ₹10000 abhi bhej sakta hun. Baaki 10 din mein pakka,partial_payment,40,22000,BNPL payment,worried,mumbai,10,10000.0,,,True,False
"Amit ji, ₹7500 ka EMI due hai 59 din ho gaye. Aapko definitely action lena padega. Kab tak payment karoge?","Sir, maine already payment kar diya hai. Aapke system mein update nahi hua hai.",dispute,59,7500,bike loan EMI,cooperative,hyderabad,,,payment not updated,system issue,False,False
"Boss ₹8000 EMI miss ho gayi. 28 din ho gaye. Payment karein, CIBIL score impact hoga.","Sorry anna, maine UPI kar diya tha. Aap log check karo, system mein gadbad hai 🙏",dispute,28,8000,credit line EMI,polite,hyderabad,,,payment not updated,system error,True,False
"Arre, Sameer ji ₹15000 EMI 43 din se pending hai. Legal notice bhi aa sakta hai. ₹7500 abhi bhej sakte hain?","Re, ₹7500 abhi nahi ho payega. ₹3750 abhi bhej raha hun, baaki 15 din mein pakka. Please legal notice mat bhejo",partial_payment,43,15000,business loan EMI,worried,mumbai,15,11250.0,,temporary financial difficulty,False,True
"Amit ji, ₹1800 EMI 16 din ho gaye. UPI se kar dein, CIBIL score kharaab ho jayega: rzp.io/pay","Kay re, itna pressure kyun? 2-3 din mein kar dunga",promise_to_pay,16,1800,mobile loan EMI,cooperative,mumbai,2-3 din,1800.0,,vague,True,False
"Anna ₹12000 EMI overdue hai, aapne kab tak payment karne ki soch hai? RBI guidelines ke mutabiq humein CIBIL update karna padta hai.","Boss ₹6000 abhi bhejta hun, baaki 10 din mein zaroor karenge, sorry for the delay 🙏",partial_payment,36,12000,mobile loan EMI,cooperative,hyderabad,10,6000.0,,financial difficulties,True,False
"Sunita ji, aapka ₹11000 ka EMI 84 days overdue hai. CIBIL score kharab ho jayega agar aapne settle nahi kiya.","Kuch nahi kar sakta, court mein milta hun 🙏",refusal,84,11000,mobile loan EMI,resigned,mumbai,,,,helplessness,True,False
"Sir, ₹8500 EMI 40 days overdue hai. Late fees lag gayi hai. Abhi UPI maadtini karein: rzp.io/pay, CIBIL score affect hoga.","Illa sir, thoda time de dijiye, bekku this week salary aayega 🙏",promise_to_pay,40,8500,BNPL payment,polite,bangalore,this week,8500.0,,salary delay,True,False
"Hi Ramesh ji, ₹12000 EMI pending hai. Late fees ₹500 lag gaya hai. ₹6000 abhi bhej sakte hain?",Bhai ₹3000 abhi bhejunga. Baaki 15 tarikh ko full kar dunga.,partial_payment,9,12000,personal loan EMI,cooperative,bangalore,15,9000.0,,,False,False
"Arre, ₹8500 EMI 59 din se pending hai. Late fees lag rahi hai, abhi tak kyun nahi kiya settlement? CIBIL score kharab ho jayega.","Nako, thoda time do, next month payment kar dunga. Abhi ghar mein problem chal raha hai 🙏",needs_more_time,59,8500,mobile loan EMI,polite,mumbai,next month,,,family_problem,True,False
"Yaar ₹8500 ka BNPL payment 23 din se pending hai, turant payment karein. Late fees lagu ho rahi hai.","Bhai maine 2 din pehle UPI se ₹8500 payment kar diya tha, aap check karke batayein.",dispute,23,8500,BNPL payment,cooperative,delhi,2 days ago,8500.0,payment made,technical issue,False,False
"Arre, ₹8500 EMI baki hai. 46 days ho gaye hain, aapki CIBIL score pe asar pad sakta hai. Kripya jaldi se payment karein.","Nako, maine 2 hafte pehle UPI se payment kar diya tha, aapke system mein koi gadbad hai.",dispute,46,8500,credit line EMI,angry,mumbai,,,payment not updated,technical issue,True,False
"Amit ji ₹9200 ka EMI aapka 55 din se pending hai. Aapko late fees bhi dena padega, nako settlement option bhi hai. Plz UPI se payment karein.","Sorry 🙏 maine 20 din pehle UPI kar diya tha aap check karo na, system mein gadbad hai",dispute,55,9200,BNPL payment,worried,pune,,,payment_already_made,,False,False
"Kumar ji ₹12000 bike loan EMI pending hai, 82 days ho gaye. UPI se payment karein, settlement offer bhi hai.","Boss, ₹6000 abhi bhej sakta hun, baaki 20 din mein zaroor karenge. Settlement offer kya hai?",partial_payment,82,12000,bike loan EMI,cooperative,hyderabad,20,6000.0,,,False,False
"Neha ji, ₹18000 EMI overdue hai. Late fees bhi lag rahi hai. Poora payment karein.","Kya karun, bhai? ₹9000 abhi bhej sakta hun, baaki 10 din mein",partial_payment,28,18000,credit line EMI,desperate,delhi,10 days,9000.0,,unforeseen expenses,True,False
"Sir ₹15000 ki bike loan EMI pending hai, 38 days ho gaye hain. UPI maadtini ₹15150 clear karein, illa late fees bhi lagega. CIBIL score bhi kharaab hoga.","Illa bekku sir, abhi nahi kar sakte. Kuch din aur de do",refusal,38,15000,bike loan EMI,polite,bangalore,,,,request_for_time,True,False
"Hi Vikas, ₹6500 credit line EMI 11 din se late hai. CIBIL score par asar pad raha hai. Turant payment karein.","Bhai sach mein business mein problem chal raha hai, next month double kar dunga, lekin abhi to aap please 10 din ka time de do 🙏",needs_more_time,11,6500,credit line EMI,cooperative,delhi,next month,13000.0,,business_problem,True,False
"Arjun ji, ₹3000 ka EMI time par nahi aaya. 9 din ho gaye, late fees lag rahi hai. Aap thoda settlement kar sakte hain? UPI se payment karein, link bhejta hoon.","Nako, main 7 din mein EMI kar dunga. Abhi thoda busy hoon.",needs_more_time,9,3000,business loan EMI,cooperative,hyderabad,7,3000.0,,busy,False,False
"Nitin ji, ₹24000 ka EMI 61 days se pending hai. Settlement offer hai ₹20000, turant bhar do.","Bhai, ₹18000 abhi bhejta hun, ₹2000 kal bhejne ki koshish karta hun.",partial_payment,61,24000,mobile loan EMI,cooperative,delhi,tomorrow,2000.0,,financial difficulties,False,False
"Sir ₹25000 ki bike loan EMI pending hai, 38 days ho gaye hain. UPI se ₹25180 clear karein, nahi toh legal action lena padega.","Kuch nahi karna hai, court mein milte hain",refusal,38,25000,bike loan EMI,angry,bangalore,,,,aggressive,False,True
"Sunil bhai, ₹7000 bike loan EMI 33 din se overdue hai. UPI se payment karein: rzp.io/pay. Late fees lag rahi hai, aur CIBIL score affect hoga. Settlement offer bhi samapth hone wali hai.","kya kar sakte hain bhai, office band hai. Ek hafte mein payment karwaunga, bolna kya hai?",promise_to_pay,33,7000,bike loan EMI,polite-firm,delhi,in a week,7000.0,,office closed,True,False
"Rahul sir, ₹9000 bike loan EMI bahut overdue hai. Turant UPI se payment karein, nahi to CIBIL score kharab ho sakta hai.","Yaar, time lagega, 1 mahine mein payment kar dunga, aap ek baar mauka de do",needs_more_time,15,9000,bike loan EMI,evasive,bangalore,1 mahine mein,9000.0,,,True,False
"Rahul ji, ₹9000 bike loan EMI pending hai. 29 days ho gaye. Abhi payment karo, nahi toh settlement ka option bhi khatam ho jayega.","Okay ra, kal tak payment kar dunga.",dispute,29,9000,bike loan EMI,evasive,hyderabad,kal,9000.0,,vague timeline,False,False
"Sir, aapka ₹11000 ka business loan EMI 33 din se pending hai. RBI guidelines ke mutabiq, aapko late fees deni padegi.","Abhi kuch din aur de do sir, main aapko payment kar dunga 🙏",dispute,33,11000,business loan EMI,desperate,bangalore,next week,11000.0,payment delay,financial difficulty,True,True
Anil ji ₹3800 pending hai. Bekku aap payment karein,yeh amount thodi zyada hai. maine ₹3200 hi loan liya tha,dispute,10,3800,credit line EMI,worried,bangalore,,,incorrect amount,,False,False
"₹6000 EMI miss ho gayi, 73 days overdue hai. Aap payment karein, CIBIL score affect ho sakta hai","Maine 15 din pehle payment kar diya tha, aapke system mein update nahi hua. Enti resolve cheyandi",dispute,73,6000,bike loan EMI,cooperative,hyderabad,,,payment,system update issue,True,False
"Arre Amit, ₹4000 ka EMI 31 din ho gaye. Abhi tak kyun nahi diya? Nako, CIBIL pe impact padega. UPI se jaldi karein: rzp.io/pay. Agar nahi kiya to settlement pe baat karni padegi","Kay bhai, thoda patience rakho. Kal transfer karta hoon 🙏",promise_to_pay,31,4000,personal loan EMI,polite,mumbai,kal,4000.0,,,True,False
"Rahul sir, ₹4200 EMI 17 din overdue. CIBIL score impact ho sakta hai. UPI se ₹4240 (late fees) jaldi karein: gpay.co/pay","bhai sorry, thoda tight hoon, 23rd ko zarur kar dunga 🙏",promise_to_pay,17,4200,BNPL payment,polite,bangalore,23rd,4240.0,,financial constraints,True,False
"Nako, ₹2800 EMI ke liye 48 din ho gaye. Abhi UPI se payment karein: rzp.io/pay. Late fees bhi lagech",Kay kar rahe ho? Itna pressure kyun?,promise_to_pay,48,2800,mobile loan EMI,angry,mumbai,,,,defensive,False,False
"Ravi ji ₹18000 EMI overdue hai, 31 days ho gaye. Aapko settlement ke liye bhi samjhana padega. ₹9000 abhi bhejne ki kripa karein."," ₹4500 abhi bhej raha hun, baaki 5 tarikh ko zaroor bhejunga. Aap log samjhana band kar do, samajh rahe hain.",partial_payment,31,18000,credit line EMI,cooperative,mumbai,5,4500.0,,,False,True
"Bhai, ₹6500 EMI due hai. CIBIL score maintain karna hoga, nahi toh loan milna mushkil hoga.","Sorry bhai, ₹6500 de sakte hai lekin ₹2000 extra charges kyun? Isme settlement ho sakta hai?",dispute,16,6500,bike loan EMI,cooperative,delhi,this week,5500.0,incorrect charges,negotiation,True,False
Dinesh ji aapka ₹25000 ka BNPL payment 78 days se due hai. Aapka CIBIL score kharab ho sakta hai. Settlement offer hai ₹20000 mein.,Yaar main koshish kar raha hun par ₹20000 bhi nahi ho pa raha. ₹15000 kar sakte hain?,refusal,78,25000,BNPL payment,desperate,hyderabad,,15000.0,,temporary financial difficulty,True,False
"Bhai, ₹9000 EMI 22 din se pending hai. ₹4500 abhi bhej sakte hain? CIBIL score impact ho sakta hai."," ₹4500 kal tak bhej dunga, baaki ₹4500 agle hafte tak pakka",partial_payment,22,9000,mobile loan EMI,worried,delhi,kal,4500.0,,delay in payment,True,False
"Ramesh ji ₹10000 EMI pending hai, 70 din ho gaye. UPI se payment karein ya CIBIL score kharab hoga.","Yaar mujhe thoda time chahiye, 5000 abhi bhej sakta hun baaki 10 tarikh ko",partial_payment,70,10000,personal loan EMI,polite,delhi,10 tarikh ko,5000.0,,,True,False
"Rohit ji ₹10000 EMI overdue hai, CIBIL score par impact pad sakta hai.","Sorry bhai ₹5000 abhi bhejta hun, baaki 20 tarikh ko pakka. Settlement karna padega kya?",partial_payment,12,10000,credit line EMI,worried,delhi,20,5000.0,,,True,False
"Yaar ₹12000 EMI 30 din se overdue hai. CIBIL score affect hoga, turant UPI se kar dein: rzp.io/pay","bhai sorry 🙏, kal salary aayegi, usse pehle kar dunga",promise_to_pay,30,12000,business loan EMI,polite,delhi,tomorrow,12000.0,,salary delay,True,False
"Rajesh ji, ₹15000 business loan EMI 49 din se pending hai. Aaj hi payment karein, nahi toh settlement karna padega.","Bhai, abhi nahi kar paunga, kal call back karo",needs_more_time,49,15000,business loan EMI,evasive,delhi,,,,time_request,False,False
Boss ₹22000 credit line EMI pending hai. Late fees bhi lag rahi hai. Chaliye kuch karte hain.,enti chal chal kuch din baad karta hun. Abhi thoda busy hun,refusal,26,22000,credit line EMI,evasive,hyderabad,,,,,False,False
Amit ji ₹18000 EMI 28 din overdue hai. CIBIL score impact hoga. Abhi karein: rzp.io/pay. Late fees ₹1500 lag rahi hai.,Kya kar sakte hai? Kabhi kabhi thoda tight ho jaata hai.,promise_to_pay,28,18000,personal loan EMI,evasive,hyderabad,,,,financial_difficulty,True,False
Suman ji ₹10000 personal loan EMI ka 15 din ho gaye. Aapko settlement offer karte hain. UPI se payment karein.,Kya kar sakte hain? Abhi paisa nahi hai. Please samajh lo.,refusal,15,10000,personal loan EMI,desperate,hyderabad,,,,no money,False,False
"Amit ji, ₹6500 EMI 38 din se overdue hai. Late fees ₹500 lag gayi hai. Turant UPI se payment karein.","Bhai sach mein paisa nahi hai, business mein loss chal raha hai. Agli saptah mein payment karne ki koshish karunga",needs_more_time,38,6500,credit line EMI,desperate,delhi,,,,business_loss,False,False
"Amit ji, ₹3500 EMI 16 din overdue hai. Aapki CIBIL score par impact pad raha hai. Abhi UPI se payment karein: rzp.io/pay","Bhai, mujhe thoda time do, next week pakka kar dunga 🤞",promise_to_pay,16,3500,personal loan EMI,cooperative,delhi,next week,,,,True,False
"Sir, ₹12000 EMI 25 din ho gaye due. Late fees bhi lagu hoga. CIBIL score affect hoga. UPI maadtini: rzp.io/pay","illa, beku. Tomorrow salary aayegi, transfer kar dunga 🙏",promise_to_pay,25,12000,credit line EMI,polite,bangalore,tomorrow,12000.0,,salary,True,False
"Yaar, ₹5700 ka EMI 80 din se due hai. Turant payment karein, nahi to legal action lena padega.","Sorry bhai, maine paise nahi hain, 15 din mein payment kar dunga. 🙏",dispute,80,5700,personal loan EMI,worried,delhi,15 din,5700.0,,financial issue,False,True
"Suresh ji ₹9000 bike loan EMI pending hai, 82 days ho gaye. Full payment karein, nahi to legal action lena padega.","Anna, ₹4500 abhi bhej sakta hun, baaki 10 din mein zaroor karenge. Please legal action mat karein.",partial_payment,82,9000,bike loan EMI,worried,hyderabad,10,4500.0,,,False,True
"Yaar, ₹4200 bike loan EMI 51 days overdue hai. Turant payment karein.","Bhai, maine 10 din pehle UPI se payment kar diya tha. Aapke system mein lagta hai kuch gadbad hai.",dispute,51,4200,bike loan EMI,polite,delhi,,,payment not updated,technical issue,False,False
Bhai ₹9000 EMI overdue hai. Legal notice bhejne pad sakta hai. UPI se payment karein.,"Sorry bhai ₹4500 abhi bhej sakta hun. Baaki kab tak bhejna hoga, aap batao.",partial_payment,24,9000,business loan EMI,worried,chennai,,4500.0,,,False,True
Saurabh ji ₹20000 settle karne ke liye 15% extra dena padega. Pakka karein?,"nahi kar sakta, abhi ghar ki financial situation thodi tight hai. Court mein milte hain.",refusal,5,20000,business loan EMI,angry,delhi,,,threat to go to court,financial constraint,False,True
"Arre, ₹4800 EMI 48 din overdue. RBI ke rules ke mutabiq CIBIL score pe asar padega. Thoda samay nikaal kar UPI se payment karein: rzp.io/pay","Sorry bhai, office mein busy tha. Abhi payment kar dunga. Settlement nahi karna padega na?",promise_to_pay,48,4800,mobile loan EMI,worried,mumbai,abhi,4800.0,settlement,busy,True,True
"Nalini ji, aapke ₹8000 ka EMI 40 din se pending hai. UPI se payment kar sakti hain?","Haan, ₹3000 abhi bhej sakti hun. Baaki 20 din mein karta hun",partial_payment,40,8000,BNPL payment,resigned,mumbai,20,3000.0,,,False,False
"Kay re, Amit ji, ₹15000 EMI due hai, 85 din se intezar kar rahe hain. Poora payment karke settlement karein.","Abhi thoda mushkil hai re, 7500 abhi bhejta hun, baaki 1 mahine mein pakka",partial_payment,85,15000,mobile loan EMI,worried,mumbai,30,7500.0,,,False,False
"Rajat ji, ₹12000 bike loan EMI 15 din overdue. Late fees lagu hoga. CIBIL bhi affect hoga. Abhi karein: rzp.io/pay","bhai thoda time do, friday salary aayegi usse pehle transfer karwa dunga 🙏",promise_to_pay,15,12000,bike loan EMI,cooperative,delhi,friday,12000.0,,financial,True,False
"Bhai, ₹13000 EMI 72 din overdue hai. Pakka settlement offer hai, 30% late fees maaf karenge. Turant karein: rzp.io/pay","Arey, itna paisa nahi hai. Jab salary aayegi, transfer kar dunga 🤞",promise_to_pay,72,13000,business loan EMI,cooperative,delhi,,,,financial_issues,False,False
"Amit ji, ₹8000 EMI 22 din ho gaye. Settlement option bhi hai. UPI se kar dein: rzp.io/pay","dekho sir, kal se transfer kar dunga. Paisa arrange kar raha hoon",promise_to_pay,22,8000,business loan EMI,cooperative,bangalore,tomorrow,8000.0,,arranging funds,False,False
"Sir, ₹25000 mobile loan EMI 27 days overdue. Poora ek baar mein karein, CIBIL score impact ho sakta hai.","Sorry sir, abhi thoda tight hoon, 12000 abhi bhej sakta hun, baaki 20 tarikh ko pakka.",partial_payment,27,25000,mobile loan EMI,worried,bangalore,20,13000.0,,temporary financial difficulty,True,False
"Vikram ji, ₹15000 ka BNPL payment 70 din se overdue hai. Late fees lag rahi hai. Aapne kab tak payment karne ka plan hai re?","Yaar paisa nahi hai, business mein nuksan ho raha hai, next quarter zarur kar dunga, settlement offer kya hai? ₹10000 kar dunga",needs_more_time,70,15000,BNPL payment,worried,chennai,,10000.0,,business_problem,False,False
"Ankit ji, ₹3500 EMI kal due thi. Kay, UPI se kar dein: rzp.io/pay. Late fees se bach sakte hai. Settlement offer hai, aapke liye achha hoga","Haan bhai, pakka kar dunga. Friday ko salary aayegi, usse pehle kar dunga 🙏",promise_to_pay,87,3500,personal loan EMI,cooperative,mumbai,Friday,3500.0,,awaiting_salary,False,False
"Rajesh ji, ₹10000 ke EMI ka payment karo, CIBIL score par asar padega, 25 din ho gaye","Bhai, main kuch nahi kar sakta, sun lo, abhi kuch nahi ho sakta",refusal,25,10000,credit line EMI,resigned,delhi,,,,,True,False
"Yaar, ₹15000 EMI due hai. RBI guidelines ke mutabiq CIBIL score impact ho sakta hai. ₹7500 abhi bhej sakte hain?","abhi ₹3000 bhej raha hun, baaki ₹12000 kal tak pakka",partial_payment,22,15000,mobile loan EMI,resigned,delhi,kal,12000.0,,unforeseen circumstances,True,False
"Sachin sir ₹18000 EMI pending hai. ₹6000 abhi bhejo, baaki ₹12000 20 din mein, nahi to CIBIL score kharab ho sakta hai","Sir ₹4000 abhi bhej raha hun, baaki ₹14000 25 din mein bejoonga, aap bekku settlement karwa do",partial_payment,60,18000,business loan EMI,resigned,bangalore,25,14000.0,late fees,financial difficulties,True,False
"Rahul ji, ₹4200 EMI 22 din overdue. CIBIL score ko nuksan ho sakta hai. Abhi karein: rzp.io/pay","thik hai bhai, abhi kar rahe hain, transaction Reference no. 12345 hai",promise_to_pay,22,4200,credit line EMI,resigned,mumbai,,4200.0,,,True,False
"Rajesh ji, ₹6000 EMI 9 din ho gaye. Abhi tak payment nahi aayi. Turant UPI se kar dein: rzp.io/pay. CIBIL affect hoga.","Bhai, kal office se baat karke pakka kar dunga. Sorry 🙏",promise_to_pay,9,6000,business loan EMI,polite,delhi,tomorrow,6000.0,,office_work,True,False
"Sunil ji ₹14000 bike loan EMI bahut din se pending hai. CIBIL score impact ho jayega, turant payment karein.","bole to kya bolu? Paisa nahi h, mummy hospital mein hain 🙏",needs_more_time,24,14000,bike loan EMI,worried,bangalore,10,,,family_problem,True,False
"Rahul ji, ₹4500 EMI kal due thi. Aaj tak payment nahi aayi. UPI se kar dein: rzp.io/pay. Late fees ₹500 lagu hoga.","Haan bhai, kal pakka kar dunga. Aaj ghar mein kuch kaam tha 🙏",promise_to_pay,9,4500,business loan EMI,polite,delhi,tomorrow,4500.0,,personal_work,False,False
Rahul ji aapka ₹8500 personal loan EMI 5 din se overdue hai. Turant payment karein ya phir late fees lag jayega.,"Yaar mujhe thoda time do, 7 din mein pakka kar dunga. Kya UPI se payment kar sakte hain?",needs_more_time,5,8500,personal loan EMI,polite,delhi,7 days,8500.0,,time constraint,False,False
"Bhai, ₹18000 EMI pending hai. Aapko turant payment karna hoga, varna late fees lagu hoga.","Bhai, kuch din ka time de do. Main aapko bataunga.",partial_payment,89,18000,bike loan EMI,evasive,delhi,,,,,False,False
"Rajesh ji, aapki ₹18000 EMI 36 days overdue hai. Late fees lagu ho rahi hain, aap kya karna chahenge?","Enti ₹9000 abhi bhejta hun, baaki next month zaroor karenge, okay ra?",partial_payment,36,18000,mobile loan EMI,evasive,hyderabad,next month,9000.0,,need more time,False,False
"Rahul ji, aapka ₹8000 personal loan EMI 75 days overdue hai. Full payment karein, nahi toh late fees lag sakti hai.","Re bhai, CIBIL score kharab ho jayega na? 4000 abhi bhejta hun, baaki 1 hafte mein pakka.",partial_payment,75,8000,personal loan EMI,worried,mumbai,7,4000.0,,credit score concern,True,False
"Arre ₹8200 ka loan aapka 55 din se overdue hai. Aapko legal notice bhi mil sakta hai, plz UPI se payment karein.","Mujhe pata hai aap kya kar sakte ho, mera loan 7000 ka tha extra charges kyun? Kay aap adjust karo?",dispute,55,8200,BNPL payment,angry,hyderabad,,,incorrect_amount,,False,True
"Dinesh ji ₹28000 ka EMI pending hai. Late fees lagu ho rahi hai. Turant payment karein, nahi toh RBI guidelines ke hisaab se action lena padega. Settlement option bhi band ho jayega.","Bhai, main koshish kar raha hun. Ek hafte mein kar dunga. Pakka. 🤞",refusal,40,28000,business loan EMI,cooperative,chennai,1 week,28000.0,,financial,False,True
"Sir, ₹28000 EMI 27 din se pending hai. Late fees lag rahi hai, settlement karne ke liye ek option do.","Yaar business mein problem chal raha, next month double kar dunga.",needs_more_time,27,28000,credit line EMI,evasive,bangalore,next month,,,business_issues,False,False
"Namaste sir, ₹3200 EMI 3 din ho gaye. Bekku UPI se kar dein: rzp.io/pay","Illa Monday ko kar dunga, abhi ghar mein problem hai 🙏",promise_to_pay,3,3200,business loan EMI,polite,bangalore,Monday,3200.0,,personal_problem,False,False
"Rahul ji, ₹10000 ki BNPL payment 52 din se overdue hai. Late fees ₹2000 lag chuke hain. Turant UPI se settle karein, nahi toh CIBIL score par asar padega.","Yaar bhai, sach mein business mein problem chal raha hai. 15 din aur do please, pakka settlement kar dunga 🙏",needs_more_time,52,10000,BNPL payment,polite,delhi,15 days,10000.0,,business problem,True,False
"Rahul ji, ₹15000 ka EMI 61 days se pending hai. UPI se ₹5000 abhi bhej do, baaki ₹10000 kal bhejne ki koshish karo.","Yaar, maine ₹10000 bheja hai, ₹5000 kal bhejne ki koshish karta hun.",partial_payment,61,15000,mobile loan EMI,polite,delhi,tomorrow,5000.0,,temporary financial difficulties,False,False
"Hi Ramesh ji, ₹9000 mobile loan EMI 22 days overdue. Late fees ₹1000 lag chuke hain. Abhi UPI se payment karein: rzp.io/pay, CIBIL score bhi affect hoga.","Bhai, mujhe thoda time do, next month transfer kar dunga, sorry for the delay 🙏",promise_to_pay,22,9000,mobile loan EMI,evasive,hyderabad,next month,10000.0,,waiting_for_next_month,True,False
Re Varun ji ₹3500 EMI 14 din overdue hai. Kay aapko pata hai ki late fees kya hai? UPI se kar dein: rzp.io/pay,"Arre bhai kal payment kar dunga, abhi ghar mein kuch kaam hai 🙏",promise_to_pay,14,3500,mobile loan EMI,polite,mumbai,kal,3500.0,,personal_issue,False,False
"Deepak ji ₹2500 bike loan EMI 2 din se due hai. Late fees ₹200 lag gayi hai, aap turant payment kar lein. UPI link: upi://pay?pa=rbi@loan&pn=Loan%20Repayment&am=2700","Bhai sun, abhi paisa nahi h, 10 din baad kar dunga",needs_more_time,2,2500,bike loan EMI,evasive,up,10 din baad,,,,False,False
"Vikram ji ₹18000 ka EMI 3 mahine se pending hai, UPI se aaj payment karein, CIBIL score ko maintain karne mein madad milegi","Nako yaar, paisa nahi hai, kuch din aur de do, business mein problem chal rahi hai, next month double kar dunga",needs_more_time,86,18000,personal loan EMI,desperate,mumbai,next_month,36000.0,,business_issue,True,False
"Saurabh ji, ₹11000 ki BNPL payment ko 52 din ho gaye hain. ₹2200 late fees lag chuke hain. Bol, aapko pata hai ki aapka CIBIL score kharab ho raha hai. Turant contact karein.","Yaar, paisa nahi hai. Kabhi kabhi settlement kar dunga, bas thoda time do 🙏",needs_more_time,52,11000,BNPL payment,desperate,delhi,,,,financial problem,True,False
Amit ji ₹7000 due hai. Agar payment nahi karoge toh CIBIL score affect hoga.,yeh amount galat hai mera loan 6000 ka tha extra charges kyun? bill bhej do toh dekhta hoon,dispute,75,7000,BNPL payment,angry,bangalore,,,incorrect amount,billing error,True,False
"Rahul ji, aapki ₹15000 ki EMI 41 din se pending hai. Settlement karne ke liye bol sakte hain, lekin turant UPI se payment karein.","Abhi kuchh ho nahi sakta, aap logon ko pata hai na, aise waqt par kitna pressure hota hai 🤕",refusal,41,15000,credit line EMI,resigned,delhi,,,,financial,False,False
Ramesh ji ₹10000 EMI bohot der se pending hai. Settlement karne se late fees aur CIBIL impact bach sakte hain.,"Yaar business thoda slow chal raha, next quarter mein double kar dunga, abhi ₹5000 kar sakte hain.",needs_more_time,27,10000,business loan EMI,evasive,mumbai,,5000.0,,business slow,True,False
"Suresh ji, bike loan EMI ₹6500 ke 12 din ho gaye, late fees lag rahi hai, aapko CIBIL score par bhi impact padega, aaj hi payment karein.","Re, mummy hospital mein hain, 10 din aur do please, uske baad zarur kar dunga 🙏",needs_more_time,12,6500,bike loan EMI,desperate,mumbai,10 days,6500.0,,family problem,True,False
"₹18000 EMI overdue hai. Late fees bhi lagu honge. Settlement ke liye bol rahe hain, lekin poora payment nahi hua hai. Okay ra, abhi kya plan hai?","Bhai ₹9000 abhi bhejta hun, baaki 2 hafte mein pakka karenge. Thoda time lagega, sorry.",partial_payment,28,18000,credit line EMI,cooperative,hyderabad,2 weeks,9000.0,,time constraint,False,False
"Boss ₹32000 ka personal loan EMI pending hai. 64 days ho gaye hain, CIBIL score bhi affect ho raha hai. Settlement offer karte hain, 70% amount pay karoge to baaki maaf.","nahi boss, main kuch nahi kar sakta abhi",refusal,64,32000,personal loan EMI,desperate,hyderabad,,,,,True,False
"Anil ji, ₹8500 credit line EMI 85 din se pending hai. Turant bharein, late fees ho rahi hai.","Yaar, business mein thoda problem chal raha hai, 15 din aur do please 🙏",needs_more_time,85,8500,credit line EMI,polite,delhi,15 din,,,business_problem,False,False
"Ramesh ji ₹10000 pending hai. ₹5000 abhi pay karein, baaki 10 tarikh ko ₹5000 or ₹1500 ki late fee. Legal action bhi ho sakta hai.","₹5000 abhi bhejta hun, baaki ₹3000 10 tarikh ko or ₹2000 15 tarikh ko bhejunga. Enti thik?",partial_payment,90,10000,personal loan EMI,worried,hyderabad,10,5000.0,,,False,True
" ₹12000 ke BNPL payment ki last date 25 din pehle nikal gayi thi. Aapko late fees bhi deni padegi. Aapki CIBIL score par asar pad sakta hai, enti?","Main kal tak kar dunga, par thoda problem hai, definitely bol raha hun",refusal,25,12000,BNPL payment,evasive,hyderabad,,,,vague,True,False
"Ravi ji ₹15000 EMI pending hai, UPI se payment kar sakte hain. CIBIL score par asar padta hai","Bhai, mera business thoda down chal raha hai, abhi 7500 hi de paunga, baaki 15 tarikh ko",partial_payment,19,15000,mobile loan EMI,desperate,mumbai,15 days,7500.0,,business struggles,True,False
"Rajesh bhai, ₹6000 EMI 20 din overdue hai. Abhi payment karein: rzp.io/pay. Late fees bhi lag gaye hain.","abhi nahi kar sakte bhai, paise nahi hain",promise_to_pay,20,6000,mobile loan EMI,evasive,delhi,,,,financial difficulty,False,False
"₹2800 bike loan EMI 20 din se pending hai. Aapka CIBIL score affect hoga, turant payment karein.","Abhi ₹1000 hi kar sakta hoon, baki 10 din mein kar dunga. Sorry re, thoda time do 🙏",needs_more_time,20,2800,bike loan EMI,worried,mumbai,10 din,1800.0,,partial payment,True,False
Anna ₹20000 EMI 28 din overdue hai. Late fees bhi lag rahi hai. UPI se abhi kar dein: rzp.io/pay. CIBIL score affect hoga.,"Boss, sorry yaar office mein thoda busy tha. Definitely kal kar dunga.",promise_to_pay,28,20000,personal loan EMI,polite,hyderabad,kal,20000.0,,busy,True,False
"Amit bhai, ₹12000 ki EMI due ho gayi hai, 9 din ho gaye hain, turant payment karwa dein. UPI se payment link bhej raha hoon.","nahi yaar, thoda time do, abhi settlement ho jayega 🙏",refusal,9,12000,credit line EMI,polite,delhi,,,,time,False,False
"Rahul ji ₹4500 overdue ho gaya 12 din. Late fees lag rahi hai aaj settle karein, yaar.","bhai sach mein paisa nahi h, papa ke hospital bills pay karne the 15 din aur do please 🙏",needs_more_time,12,4500,mobile loan EMI,polite,delhi,15 din,4500.0,,medical,False,False
"₹3500 ka EMI 5 din ho gaya hai overdue, yaar. Payment link bhej raha hun. Turant settle karein. Late fees se bach sakte hain.","Bhai, abhi nahi kar paunga. 25 din mein zarur kar dunga.",needs_more_time,5,3500,credit line EMI,evasive,delhi,25 days,,,no_commitment,False,False
"Hi Rahul ji, ₹3800 EMI 3 din ho gaye. UPI se kar dein: rzp.io/pay. Late fees bhi lagega",Abhi kuch din mein kar dunga,promise_to_pay,3,3800,business loan EMI,evasive,bangalore,,3800.0,,vague_timeline,False,False
"Amit ji ₹9000 EMI pending hai, turant payment karein.","Bhai ₹4500 abhi bhejta hun, baaki 25 tarikh ko pakka. Bol payment link bhej do.",partial_payment,12,9000,credit line EMI,desperate,delhi,25,4500.0,,,False,False
"Amit ji, ₹2500 ka EMI 3 din ho gaye overdue. Abhi tak payment nahi aayi. CIBIL affect hoga. Abhi karein: rzp.io/pay","haan bhai, thoda time chahiye, monday ko pakka kar dunga",promise_to_pay,3,2500,BNPL payment,cooperative,pune,monday,2500.0,,time,True,False
"Arre, Rohan ji ₹8000 EMI due hai. 25 din ho gaye, ab late fees bhi lagega. CIBIL score pe impact padega, nako?","Maine thoda time lekar payment karoonga, re. Aap system check karo, UPI kar diya tha maine",dispute,25,8000,business loan EMI,polite,mumbai,,,payment made,technical issue,True,False
"Amit ji, ₹8000 EMI 9 din overdue hai. Late fees bhi lagu hoga. CIBIL affect hoga. Abhi karein: rzp.io/pay","Bhai, friday salary aayegi pakka usse pehle transfer 🙏🙏",promise_to_pay,9,8000,business loan EMI,cooperative,delhi,friday,8000.0,,waiting_for_salary,True,False
"₹18000 due hai 73 din ho gaye, sir. Aapka CIBIL score affect ho sakta hai. Kuch EMI plan banate hain?","Sir bekku ₹5000 kar sakta hun, baaki ₹13000 10 din mein karunga",refusal,73,18000,BNPL payment,evasive,bangalore,in 10 days,13000.0,,temporary financial constraints,True,False
"Namaste Rohan ji, aapka ₹10000 EMI 9 din se overdue hai. ₹5000 abhi bhejne se aapka account settle ho jayega.",Sir ₹5000 abhi bhejunga. Baaki 18 tarikh ko kar dunga.,partial_payment,9,10000,personal loan EMI,resigned,bangalore,18,5000.0,,,False,False
"Sandeep ji ₹9000 ka EMI 90 din se due hai, please transaction Reference number share karein.","Mujhe laga tha maine 2 hafte pehle payment kar diya tha, lekin abhi bhi due show ho raha hai. Aapke system mein gadbad hai.",dispute,90,9000,credit line EMI,angry,bangalore,,,payment not reflected,system error,False,False
"Amit ji, ₹10000 EMI kal due thi. Aaj tak payment nahi aayi. CIBIL score ko nuksan hoga. Abhi karein: rzp.io/pay","bhai, abhi kuch nahi kar sakte. Salary abhi nahi aayi. Dekh lenge",promise_to_pay,25,10000,credit line EMI,resigned,bangalore,,,,salary,True,False
"Nitin ji, aapka ₹10000 personal loan EMI 75 days overdue hai. UPI se payment kar sakte hain.","Kay bhai, poora ek baar mein nahi hoga. 5000 abhi bhejta hun, baaki 30 tarikh ko pakka.",partial_payment,75,10000,personal loan EMI,resigned,mumbai,30,5000.0,,financial constraint,False,False
Enti ₹9000 ka EMI 54 din se overdue hai. Aapka CIBIL score affect ho sakta hai. Abhi payment karne ke liye: rzp.io/pay,Boss aaj nahi ho payega. Next week salary aayegi tab kar dunga. Okay ra? 🤞,promise_to_pay,54,9000,BNPL payment,evasive,hyderabad,,,,,True,False
Rahul ji ₹9500 EMI due hai 55 din se. Legal action leni padegi.,"Sir sorry, maine pehle se hi payment ki thi. Aapko mail karke bata dunga transaction Reference number",dispute,55,9500,mobile loan EMI,desperate,bangalore,,,payment not updated,communication issue,False,True
"Sir, ₹12000 business loan EMI 15 din se pending hai. Late fees lag rahi hai, aap CIBIL score ko impact kar rahe hain.","₹10000 kar sakte hain, agle mahine ₹2000 kar dunga, ₹500 late fees maaf karein",needs_more_time,15,12000,business loan EMI,cooperative,chennai,agle mahine,2000.0,,temporary_cash_shortage,True,False
"Arre, Ramesh ji ₹12000 EMI 43 din se pending hai. Full payment karne mein late fees lag rahi hai. Kay aap abhi UPI se ₹6000 bhej sakte hain?","Nako, re, ₹6000 abhi nahi ho payega. Thoda time chahiye. ₹3000 abhi bhej raha hun, baaki 10 din mein pakka",partial_payment,43,12000,business loan EMI,polite,mumbai,10,9000.0,,temporary financial difficulty,False,False
"Sir ₹4000 EMI kal due thi. Aaj tak payment nahi aayi. UPI se kar dein: rzp.io/pay, nahi to legal action lena padega","Haan bhai kal pakka kar dunga, aaj ghar mein kuch kaam tha 🙏",promise_to_pay,89,4000,personal loan EMI,polite,bangalore,kal,4000.0,,ghar mein kuch kaam tha,False,True
"Kiran ji, ₹22000 ka payment aapke account mein 78 din se pending hai. Kripya jaldi se jaldi clear karein, nahi toh hamen aapke CIBIL score ko impact karna padega.","🤔 sir, maine aapko pehle bhi bola tha. Ab mujhe kuch nahi bolna.",refusal,78,22000,BNPL payment,angry,bangalore,,,,previous conversation,True,False
"Rahul ji ₹3800 ka EMI baki hai, 62 din se due hai. Aapko settlement offer karte hain.","Maine pehle hi bataya tha, mere paas paisa nahi hai, kuch time do.",dispute,62,3800,mobile loan EMI,evasive,kolkata,,,,financial,False,False
₹22000 ki bike loan EMI 38 days se pending hai. Aapka CIBIL score kharaab ho jayega agar aaj ₹22150 clear nahi hua.,"😞 Bekku sir, abhi nahi kar sakte. Kal se try karta hun",refusal,38,22000,bike loan EMI,worried,bangalore,,,,request_for_time,True,False
"Re Rakesh ji, ₹12000 EMI 15 din due thi. Kay aaj tak kuch nahi aaya? Late fees bhi lag gaya hoga. UPI se kar dein: rzp.io/pay","Bhai, settlement kar lo. Full amount nahi de paunga. Thoda compromise karo",promise_to_pay,15,12000,business loan EMI,desperate,mumbai,,,full_amount,financial_problem,False,False
Bhai ₹28000 bike loan EMI ke liye turant payment karein. RBI guidelines ke mutabiq action lena padega.,Abe main kuch nahi kar sakta. Tum kuch karo.,refusal,38,28000,bike loan EMI,resigned,delhi,,,,,False,True
"Ravi ji, ₹8000 EMI pending hai, CIBIL score kharab ho raha hai. Full payment karein, nahi to legal action lena padega.","Theek hai, 4000 abhi bhejta hun, baaki 10 din mein zarur karenge. CIBIL score achha rakhne mein madad karo",partial_payment,85,8000,mobile loan EMI,resigned,mumbai,10,4000.0,,,True,True
"Sunil ji ₹9000 EMI pending hai. Settlement offer hai, 70% amount abhi denge to late fees maaf kar denge.","Bhai mujhe lagta hai 7000 abhi bhej sakta hun, baaki 2 hafte mein pakka",partial_payment,70,9000,personal loan EMI,desperate,delhi,2 hafte mein,7000.0,,,False,False
"Hi Deepak ji, ₹15000 EMI pending hai. ₹7500 abhi bhej sakte hain? Late fees ₹750 lag gaya hai.",Bhai ₹5000 abhi bhejta hun. Baaki 25 tarikh ko pakka.,partial_payment,9,15000,personal loan EMI,desperate,bangalore,25,10000.0,,,False,False
"Rahul ji, ₹20000 ka EMI 13 din se overdue hai. Late fees bhi lag rahi hai. Settlement karne ke liye EMI schedule check karein: <payment link>","Nahi kar sakta sir, court mein milte hain. Band karo yeh messages 🚫",refusal,13,20000,BNPL payment,angry,bangalore,,,payment issues,payment dispute,False,True
"Arre, ₹15000 ka EMI 20 din se overdue hai. Aapka CIBIL score impact ho raha hai. Thoda settlement ke liye UPI se payment karein.","Yaar, business mein problem chal raha hai. Next month double kar dunga, bas thoda time do 🤞",needs_more_time,20,15000,personal loan EMI,cooperative,mumbai,next month,30000.0,,business_problem,True,False
"Arre ₹25000 ka EMI 86 din se pending hai, late fees lag rahi hai, aaj settle karein toh thoda discount milega","Yaar thoda time do, next month CIBIL score theek karne ke liye paisa arrange kar raha hoon, abhi to mummy ki tabiyat kharab hai 🙏",needs_more_time,86,25000,personal loan EMI,polite,mumbai,,,,family_issue,True,False
"Rohan ji, ₹4200 EMI 3 din ho gaye. CIBIL affect hoga. UPI se kar dein: rzp.io/pay","Abhi salary nahi aayi, next week pakka kar dunga",promise_to_pay,3,4200,business loan EMI,evasive,bangalore,next_week,4200.0,,salary_pending,True,False
"Hi anna, ₹12000 EMI 9 days overdue. Late fees lag rahi hain. UPI se settle karein: rzp.io/pay","Okay ra, definitely kal salary aane ke baad payment kar dunga",promise_to_pay,9,12000,BNPL payment,polite,hyderabad,tomorrow,12000.0,,salary,False,False
"Sir, ₹3200 business loan EMI 19 din se overdue hai. Late fees ₹250 lag rahi hai. UPI se turant settle karein.","Sir, 2 din aur dijiye, wo time par denge. CIBIL score kharab nahi karein sir.",needs_more_time,19,3200,business loan EMI,worried,bangalore,2 din,3200.0,,,True,False
"Yaar ₹12000 EMI overdue hai. Turant payment karein, nahi to CIBIL score impact hoga.","Bhai ₹6000 abhi bhej sakta hun, baaki 10 tarikh ko pakka.",partial_payment,24,12000,business loan EMI,polite,delhi,10,6000.0,,,True,False
"Sun, ₹4500 EMI 16 din overdue hai. CIBIL score par impact pad raha hai, aapki loan settlement par bhi affect hoga. Abhi UPI se payment karein: rzp.io/pay","Bhai, main kal tak karwa dunga, pakka 🙏",promise_to_pay,16,4500,personal loan EMI,cooperative,delhi,kal,4500.0,,,True,False
"Ankit ji ₹3800 bike loan EMI 2 din se pending hai. Aapko ₹300 late fees ka notice bhi mil chuka hai, turant payment karein. UPI link: upi://pay?pa=rbi@loan&pn=Loan%20Repayment&am=4100","Yaar thoda waqt do, kal tak zaroor kar dunga, pakka bhai 🤞",needs_more_time,2,3800,bike loan EMI,desperate,mp,kal,,,,False,True
"Kamal ji, ₹22000 EMI pending hai. UPI se payment kar sakte hain. Kab tak payment karoge?","Thoda wait karo, ₹11000 kal bhej sakta hun, baaki 15 tarikh ko",partial_payment,28,22000,credit line EMI,cooperative,bangalore,tomorrow,11000.0,,payment processing delay,True,False
"Anna, ₹12000 ka BNPL payment 30 din se overdue hai. Abhi payment karein, varna legal notice bhejna padega.","Main ₹6000 abhi de sakta hun, baaki ₹6000 agle hafte mein 🙏",refusal,30,12000,BNPL payment,worried,hyderabad,next week,6000.0,,partial_payment,False,True
"Arre, Suresh ji, aapka ₹3800 ka BNPL payment 9 din ho gaye hue hain. Thoda jaldi karein, nahi to settlement karna padega.","Kya karein, paise nahi hain, kuch time chahiye",dispute,9,3800,BNPL payment,worried,chennai,,,,permanent financial difficulty,False,False
"Suresh ji ₹28000 ka EMI 3 mahine se pending hai, RBI guidelines ke mutabiq case file karna padega, aaj payment karein","Re bhai, paisa nahi hai, kuch din aur de do, lawyer se baat karke aata hoon, legal action lena padega",needs_more_time,86,28000,personal loan EMI,angry,mumbai,,,,threat,False,True
"Sir ₹18000 ki bike loan EMI pending hai, 38 days ho gaye hain. UPI se ₹18120 clear karein please.","Nahi kar sakta sir, abhi financial issues hain. Kuch samay de do",refusal,38,18000,bike loan EMI,desperate,bangalore,,,,financial_difficulty,False,False
"Bhai ₹12000 EMI bohot din se pending hai. Turant payment karein, nahi toh CIBIL score kharab hoga.","Yaar, abhi thoda muskil hai. ₹6000 abhi bhejta hun, baaki 10 din mein pakka.",partial_payment,61,12000,credit line EMI,polite,delhi,10,6000.0,,financial,True,False
"Arre, Rohan ji, aapka ₹8500 ka BNPL payment 9 din ho gaye hue hain. Thoda jaldi karein.","Nako, maine 4 din pehle UPI kar diya tha, aap log check karo na",dispute,9,8500,BNPL payment,polite,mumbai,,,payment not reflected,technical issue,False,False
"Rahul ji, ₹12000 ka payment 79 din se due hai. Full settlement karein to late fees maaf kar dunga","Bhai, ₹4000 abhi bhej sakta hun. Baaki 2 hafte mein pakka",partial_payment,79,12000,BNPL payment,desperate,bangalore,2 hafte mein,4000.0,,lack of funds,False,False
"Bhai ₹25000 38 din se pending hai. EMI clear karna zaroori hai. Bol, kab tak karoge?",Kal tak kar deta hun. Sorry yaar.,refusal,38,25000,bike loan EMI,cooperative,delhi,tomorrow,25000.0,,,False,False
"Arre Ramesh ji, ₹12000 EMI 19 din se pending hai. Poora payment karne se aapka CIBIL score thik rahega.","Bhai thoda time do, abhi 6000 hi de paunga, baaki 1 hafte mein",partial_payment,19,12000,mobile loan EMI,cooperative,mumbai,7 days,6000.0,,short on cash,True,False
"Anna ₹25000 Baki hai, 44 days ho gaye hain overdue. Aapka CIBIL score kharab ho sakta hai. Please EMI clear karein.","Okay ra, main koshish karunga, par abhi thoda time do, settlement karne ko soch raha hun.",refusal,44,25000,mobile loan EMI,evasive,hyderabad,Saturday,20000.0,,,True,False
"Arre Suresh ji, ₹15000 EMI 14 din se pending hai. ₹7500 abhi bhejte to aapko late fees maaf kar sakte hai.","Nako ₹7500 abhi nahi ho payega. ₹3750 abhi bhejta hun, baaki 18 tarikh ko.",partial_payment,14,15000,personal loan EMI,evasive,mumbai,18 days,3750.0,,,False,False
"₹12000 EMI overdue hai, Neha ji. Late fees bhi lagu hote jaa rahe hain. Kab tak payment kar rahe hain?","definitely ₹6000 abhi bhej rahi hun, baaki 10 din mein, sorry boss 😊",partial_payment,59,12000,credit line EMI,polite,hyderabad,,6000.0,,unforeseen circumstances,False,False
Priya ji aapka ₹12000 ka BNPL payment 78 days se pending hai. Pakka payment karein nahi toh humein legal action lena padega.,Nahi yaar maine kisi aur bank se loan liya hai. Abhi nahi kar sakta. Sun lo please,refusal,78,12000,BNPL payment,resigned,mumbai,,,,multiple loans,False,True
"Sir, aapka ₹3800 EMI pending hai, 36 din se. Aapke CIBIL score par asar padega, agle 3 din mein payment karein.","Main kal ₹2000 de deta hu, baaki next month. Kya aap log mujhe EMI schedule change kar sakte ho?",dispute,36,3800,business loan EMI,cooperative,bangalore,,2000.0,Request for payment schedule change,Temporary financial difficulties,True,False
Yaar bhai ₹10000 ki EMI 81 din ho gaye hue hain. Late fees bhi lag rahi hai. Bolte hain aap kab payment karenge?,Bhai Friday ko salary aayegi pakka usse pehle transfer 🙏🙏,promise_to_pay,81,10000,BNPL payment,polite,delhi,Friday,10000.0,,salary delay,False,False
"Rahul ji, ₹5500 EMI 3 mahine se pending hai. Late fees ₹1000 lag gayi hai. Abhi UPI se kar dein: rzp.io/pay","Bhai abhi kuch din aur de do, paise jama karne hain, phir kar dunga 🤞",promise_to_pay,89,5500,personal loan EMI,cooperative,bangalore,kuch din,5500.0,,paise jama karne hain,False,False
"Rajesh ji, ₹9500 EMI 11 din se overdue hai. Aapko late fees ke saath ₹10500 dene padenge. Aaj hi payment karein.","Yaar, mere salary mein cut aaya hai. 10 din baad payment karunga. Pakka.",needs_more_time,11,9500,mobile loan EMI,polite,delhi,10 days,10500.0,,salary_issue,False,False
"Amit ji, ₹6500 due hai, 47 din se payment nahi kiya. Re, thoda jaldi kijiye, late fees bhi lagech.","Mujhe ₹6000 EMI yaad hai, ₹6500 kahan se aaya? Extra charges kyun?",dispute,47,6500,credit line EMI,angry,delhi,,,incorrect amount,incorrect calculation,False,False
"Aapka ₹18000 ka BNPL payment 54 din se overdue hai. RBI guidelines ke mutabiq, aapko late fees bhi dena padega. Abhi UPI se kar dein: rzp.io/pay",Bhai mujhe thoda time do. Main aaj office mein busy tha. Kal zaroor kar dunga. 🙏,promise_to_pay,54,18000,BNPL payment,polite,hyderabad,kal,18000.0,,,False,True
"Arre, Rohan ji, ₹4000 personal loan EMI 21 days overdue hai. Aapki CIBIL score par impact pad sakta hai, thoda jaldi payment karein.","Sorry re, maine kal UPI kar diya tha. Aap check kar lo, nako system mein lagta hai delay hai.",dispute,21,4000,personal loan EMI,polite,mumbai,,,payment made,system issue,True,False
"Deepak ji, ₹3800 EMI 22 din overdue hai. CIBIL score impact ho sakta hai. Abhi karein: rzp.io/pay","nai bhai, abhi nahi karunga, settlement ke liye call kijiye",promise_to_pay,22,3800,credit line EMI,angry,chennai,,,settlement required,,True,False
Namaskar Sir ₹2000 EMI kal due thi. Ab tak kuch nahi aaya. Aapki CIBIL report affect ho rahi hai. UPI maadtini: rzp.io/pay,dekho sir ₹1000 abhi de sakte hain. Baaki ₹1000 next month transfer karta hoon,promise_to_pay,68,2000,BNPL payment,cooperative,bangalore,next month,1000.0,,financial,True,False
"Sir, ₹18000 ka BNPL payment 33 din se overdue hai. RBI guidelines ke mutabik aapko legal notice bheja jaa sakta hai. Aaj hi contact karein.","Chalo, chalo, aaj hi kar dunga. Mafi chahunga, galti ho gayi",needs_more_time,33,18000,BNPL payment,cooperative,hyderabad,,,,apology,False,True
"Sunil ₹62000 49 din se EMI pending hai, anna late fees lag rahi hai. Aaj turant contact karein, legal notice jaari ho jayega.","yar paisa nahi h, kuch nahi kar sakte",needs_more_time,49,62000,bike loan EMI,resigned,hyderabad,,,,financial problem,False,True
"Sir, ₹15000 ka payment due hai. Aapko legal notice bhejna pad sakta hai"," ₹5000 abhi bhejta hun, baaki 15 tarikh ko",partial_payment,79,15000,BNPL payment,worried,bangalore,15 tarikh ko,5000.0,,delay in payment,False,True
"Bhai, ₹12000 pending hai. Turant payment karein, nahi to legal notice aa sakta hai. CIBIL score bhi kharab ho jayega.","Bhai ₹6000 abhi bhej raha hun, baaki 12 tarikh ko pakka kar dunga 🙏",partial_payment,24,12000,mobile loan EMI,resigned,delhi,12,6000.0,,business loss,True,True
"Arre Suresh ji, ₹13000 mobile loan EMI 49 din se overdue hai. Late fees lag rahi hai, CIBIL score bhi affect hoga. Kay aap settle karne ke liye ready hain?","Bhai thoda time chahiye, ghar mein problem chal rahi hai. Next week UPI se payment kar dunga 🙏",needs_more_time,49,13000,mobile loan EMI,polite,mumbai,next week,,,family_problem,True,False
"Rahul ji, ₹2500 ka EMI 20 din overdue hai. CIBIL score par impact pad sakta hai. Abhi UPI se karein: rzp.io/pay.","dekhiye sir, maine payment kiya tha, transaction reference number hai mere paas",promise_to_pay,20,2500,BNPL payment,angry,bangalore,,,payment already made,,True,False
"Nako, ₹8500 due hai 47 din se. Kay, aapko CIBIL score maintain karna hai. Thoda jaldi kijiye.","Maine ₹8500 EMI ka payment kar diya tha, aapke system mein issue hai. Proof bhi bhejunga.",dispute,47,8500,credit line EMI,resigned,chennai,,,payment issue,payment made,True,False
Bhai ₹9000 EMI 88 din se pending hai. CIBIL score affect ho jayega. Turant UPI se payment kar dein: rzp.io/pay 🙏,"bhai theek hai, kal salary aayegi usse pehle kar dunga 🙏",promise_to_pay,88,9000,personal loan EMI,cooperative,delhi,kal,9000.0,,salary constraint,True,False
"Sun ji, ₹20000 bike loan EMI pending hai. CIBIL score aur late fees dono se bachne ke liye settlement karein.",Ek hafte mein kar deta hun. UPI se kaise karta hun?,refusal,38,20000,bike loan EMI,evasive,delhi,1 week,20000.0,,,True,False
"Amit ji, ₹8000 ki BNPL payment ko 52 din ho gaye hain. Ab tak ₹1500 late fees lag chuke hain. Sun, aapki CIBIL score par bura asar pad raha hai. Turant contact karein.","Bhai, kuch samajh nahi aa raha hai. Mummy hospital mein hain, 10 din mein dekhta hoon 🤕",needs_more_time,52,8000,BNPL payment,worried,delhi,10 days,,,family problem,True,False
"Aapka ₹22000 ka BNPL payment 25 din se overdue hai. Hum aapse request karte hain ki aap UPI se jaldi se payment karein, enti?","Mujhe thoda waqt chahiye, main abhi settlement ke liye bolta hun, aur phir aapko full amount chala jayega",refusal,25,22000,BNPL payment,evasive,hyderabad,,,,negotiation,False,False
"Nitin ji, ₹3000 personal loan EMI 21 days overdue hai. Aapko settlement offer karte hain, ₹2500 pay kar do aapka loan settle ho jayega.","Okay, ₹2000 pay kar sakta hoon, ₹500 thoda bohot hai.",dispute,21,3000,personal loan EMI,evasive,mumbai,,2000.0,partial payment,financial issue,False,False
"Amit ji, aapka ₹10000 ka bike loan EMI 31 din se pending hai. Settlement option bhi hai, lekin turant payment karein to better hoga.","Bhai, mujhe settlement ke baare mein batayein. Kitna discount mil sakta hai?",partial_payment,31,10000,bike loan EMI,cooperative,delhi,,,,,False,False
"Boss ₹15000 ka personal loan EMI pending hai. 64 days ho gaye hain, late fees bhi lag rahi hai. Settlement offer karte hain, 60% amount pay karoge to baaki maaf.","nahi boss, main kuch nahi kar sakta abhi. Jo karna ho karo",refusal,64,15000,personal loan EMI,angry,hyderabad,,,,,False,False
Rohan ji ₹15000 ka BNPL payment 78 days se overdue hai. Aapka CIBIL score kharab ho sakta hai. Turant payment karein.,Yaar main koshish kar raha hun par abhi nahi ho pa raha. Bol lete hai 3 din mein,refusal,78,15000,BNPL payment,evasive,delhi,,,,temporary financial difficulty,True,False
"Sir, ₹12000 EMI 24 din ho gaye, ab tak kuch nahi aaya. Bekku UPI se karein: rzp.io/pay. CIBIL score impact hoga","Illa maaf kijiye, ghar ki kuch problems thi. Kal shaam tak kar dunga",promise_to_pay,24,12000,mobile loan EMI,firm,bangalore,tomorrow,12000.0,,family_problem,True,False
"Boss ₹25000 personal loan EMI 49 din overdue hai, late fees lag rahi hai. Aapka CIBIL score kharab ho sakta hai. Okay ra, aap kab tak payment karenge?","Anna sorry, mere business mein thoda problem chal raha hai. Ek mahine mein zaroor payment karunga. Mere CIBIL score ko kharab nahi karna please 🙏",needs_more_time,49,25000,personal loan EMI,polite,hyderabad,next month,25000.0,,business_problem,True,False
"Saurabh ji aapki ₹18000 ki EMI 51 din se overdue hai. Aaj hi payment karein, nahi toh late fees ₹750 aur lag jayenge.","bhai sun, mera phone kharab tha, abhi turant payment kar dunga",needs_more_time,51,18000,personal loan EMI,cooperative,bangalore,,,,technical_issue,False,False
"Ankit ji ₹4500 business loan EMI 28 din se pending hai. Pakka aaj settle karein, nahi to CIBIL score aur kharab ho jayega.","Yaar mujhe abhi paise nahi hain, mummy hospital mein hain. Mujhe 1 mahine ka samay chahiye.",needs_more_time,28,4500,business loan EMI,evasive,mumbai,1 month,,,family problem,True,False
Saurabh ji aapka ₹2800 ka BNPL payment 80 days overdue ho gaya hai. Hum aapko RBI ke hisab se settlement offer karte hain.,"bol na bhai, mujhe 500 extra fees kyun lage hain?",dispute,80,2800,BNPL payment,cooperative,delhi,,,extra fees,none,False,True
"Ravi ₹25000 EMI pending hai, 28 din ho gaye hain. CIBIL score kharaab hoga agar abhi payment nahi hua. Definitely zaroori hai payment karne ka.","Enti, ₹12000 abhi bhejta hun, baaki 10 tarikh ko zaroor karenge. Sorry, thoda financial issue tha.",partial_payment,28,25000,credit line EMI,polite,hyderabad,10,12000.0,,financial issue,True,False
"Arre, ₹8500 bike loan EMI 20 din se overdue hai. Late fees lag rahi hai, aapka CIBIL score bhi impact hoga. Abhi settlement karein.","Nako re, thoda time do. Mummy ki tabiyat kharab hai, 10-15 din mein payment kar dunga.",needs_more_time,20,8500,bike loan EMI,polite,mumbai,10-15 din,,,family emergency,True,False
"Sun, ₹10000 EMI pending hai. Aapko UPI se payment karna hoga. Agar aap nahi karte, toh legal notice aa sakta hai.","Bhai, 3000 abhi bhejta hun. Baaki 10 din mein pakka karta hun.",partial_payment,89,10000,bike loan EMI,angry,delhi,10,3000.0,,,False,True
"Sun ji, ₹18000 bike loan EMI ke liye late fees ₹5000 lag chuke hain. Pakka settlement karein.",Abe court mein milte hain. Jhooth bol rahe ho.,refusal,38,23000,bike loan EMI,angry,delhi,,,,,False,True
"Rajesh ji, aapka ₹18000 EMI 43 din se overdue hai. CIBIL score par bhi asar padega. ₹9000 abhi bhej sakte hain?","Bhai, ₹9000 ek baar mein nahi ho payega. ₹4500 abhi bhej raha hun, baaki 20 din mein pakka",partial_payment,43,18000,business loan EMI,desperate,mumbai,20,13500.0,,temporary financial difficulty,True,False
"Saurabh bhai, ₹2500 EMI 19 din overdue. CIBIL score affect hoga. Abhi karein: rzp.io/pay","Bhai, aaj hi karwa dunga. Galti se late ho gaya tha",promise_to_pay,19,2500,business loan EMI,resigned,delhi,aaj,2500.0,,forgetfulness,True,False
"Sir, ₹3800 EMI 21 din overdue hai. Ab UPI maadtini illa karein: rzp.io/pay. CIBIL score affect hoga.","bekku sir, kal se office kaam mein busy tha. Monday ko pakka kar dunga 🙏",promise_to_pay,21,3800,personal loan EMI,polite,bangalore,Monday,3800.0,,busy,True,False
"Rajesh ji, ₹20000 pending hai. UPI se payment karein, nahi toh legal notice bhejna pad sakta hai."," ₹10000 abhi bhej raha hun, baaki 5 tarikh ko. Bas itna samay de do.",partial_payment,40,20000,business loan EMI,angry,delhi,5,10000.0,,personal issues,False,True
"Ankit ji, ₹12000 ka EMI pending hai. Settlement option bhi available hai. Call back karein.","Yaar, ₹8000 abhi bhej sakta hun. Baaki 25 tarikh ko bhejunga. Settlement ke baare mein batao.",partial_payment,6,12000,mobile loan EMI,resigned,hyderabad,25,8000.0,,business loss,False,True
"Kay re Suresh ji, ₹10000 ka EMI 36 days se pending hai. Late fees ke sath ₹11000 ho gaya hai. Abhi ₹5000 bhejne ka kripaya karein, nahi to legal notice jayega.","Bhai ₹5000 abhi bhej raha hun, baaki 2 hafte mein bhejunga. Please legal notice mat bhejo.",partial_payment,36,10000,personal loan EMI,angry,pune,14,5000.0,,procrastination,False,True
Amit ji ₹15000 clear karein. Late fees ₹500 lag rahi hai. UPI link: https://upi.com/pay,"bol, payment link kyun nahi aa raha? Kab se try kar raha hun.",refusal,5,15000,business loan EMI,evasive,delhi,,,,technical issue,False,False
"Yaar, ₹12000 EMI 72 din overdue hai. CIBIL affect ho raha hai. Late fees bhi lag raha hai. Turant UPI se payment karein: rzp.io/pay","Bhai sorry, office mein kaafi busy tha. Kal salary aayegi, usse pehle transfer kar dunga 🙏",promise_to_pay,72,12000,business loan EMI,polite,delhi,kal,12000.0,,busy,True,False
"Rahul ji, ₹15000 ka EMI clear karna hai. RBI guidelines ke according, hume action lena padega agar aapne settle nahi kiya.","UPI se karunga, thoda time do",refusal,84,15000,mobile loan EMI,evasive,mumbai,,,,delayed payment,False,True
"Rahul ji, ₹3200 EMI 16 din overdue. Aapka CIBIL score affect hoga. Late fees bhi lag sakti hai. Abhi karein: rzp.io/pay","Nako, aaj office mein busy tha, kal zarur kar dunga. Sorry 🙏",promise_to_pay,16,3200,mobile loan EMI,polite,mumbai,kal,3200.0,,busy,True,False
Anna ₹42000 personal loan EMI bahut overdue hai. Aapka account settle ho jayega agar aap turant payment karenge. Aap kab tak payment kar sakte hain?,Bhai main aapko har mahine ₹10000 dena shuru karunga. Aap meri CIBIL report ko kharab nahi karna. Main aapko interest ke saath payment karunga,needs_more_time,49,42000,personal loan EMI,cooperative,hyderabad,every month,10000.0,,payment_plan,True,False
"Amit ji, ₹11000 bike loan EMI 7 din se overdue hai. Kay aapne payment miss kar diya? Turant UPI se payment karein, late fees bach sakte hain.","thoda time chahiye, business mein problem chal rahi hai. 15 din mein zarur karta hoon, CIBIL score kharab na ho",needs_more_time,7,11000,bike loan EMI,cooperative,chennai,15 din,,,business_problem,True,False
Amit ji ₹6000 EMI due hai. 28 din ho gaye. Late fees lagu hoga. Payment karein.,Yeh amount galat hai. Mera loan 5000 ka tha. Extra charges kyun? 🤑,dispute,28,6000,credit line EMI,angry,hyderabad,,,incorrect amount,,False,False
Sir ₹38000 ka BNPL payment 74 days overdue hai. ₹10000 ka settlement offer hai. Aapke account ko close karne padenge,Theek hai sir ₹5000 abhi dete hain. Baaki ₹9000 agle hafte mein,refusal,74,38000,BNPL payment,cooperative,bangalore,next week,9000.0,,financial difficulties,False,True
"Amit ji ₹6000 EMI 30 din se pending hai. Late fees lagu hoga, abhi UPI se kar dein: rzp.io/pay","bol, payment ho gayi thi, aapko pata nahi",promise_to_pay,30,6000,business loan EMI,angry,delhi,,,payment,,False,False
"Nako re ₹22000 bike loan EMI bahut overdue hai. UPI se payment karein, nahi to legal notice jayega.","Kay karu yaar, paisa nahi hai, thoda aur time do, please 🤕",needs_more_time,58,22000,bike loan EMI,desperate,mumbai,,,,no_money,False,True
Bhai ₹8000 EMI 88 din se pending hai. Late fees lagu ho rahi hai. Pakka settlement offer hai. UPI se ₹6000 turant kar dein: rzp.io/pay,"bhai thoda time do, agle hafte kar dunga 🙏",promise_to_pay,88,8000,personal loan EMI,cooperative,delhi,agle hafte,6000.0,,time constraint,False,True
"Anna, ₹12500 ka BNPL payment 33 din se overdue hai. Aapki CIBIL score par asar pad sakta hai. Okay ra, settlement ke liye aaj hi contact karein.","Bhai mafi chahunga, abhi kuch din aur dijiye. Ghar mein problem chal rahi hai, 15 din mein zaroor kar dunga 🙏",needs_more_time,33,12500,BNPL payment,polite,hyderabad,15 days,12500.0,,personal,True,False
"Sir ₹10000 EMI due ho gayi hai, ₹5000 abhi bhej sakte hain? UPI link bhejta hun. Late fees ₹500 lag sakte hain.","₹2000 abhi bhejta hun, baaki 10 tarikh ko pakka, late fees maaf kar dena sir 🤔",partial_payment,9,10000,BNPL payment,polite,bangalore,10,2000.0,,,False,False
"Vivek ji ₹3000 bike loan EMI 2 din se late hai. Late fees lag rahi hai, aap settle kar lein. Payment link: upi://pay?pa=rbi@loan&pn=Loan%20Repayment&am=3000","Pakka bhai kal kar dunga, abhi ghar mein kuch zaroorat hai",needs_more_time,2,3000,bike loan EMI,cooperative,haryana,kal,,,,False,False
Amit ji ₹15000 EMI 47 din overdue. Legal action lena padega agar abhi nahi karte. CIBIL score bhi affect hoga. Abhi karein: rzp.io/pay 🚨,"Bhai, thoda patience karein, abhi kuch din lagega settle karne me, okay ra 🤞",promise_to_pay,47,15000,BNPL payment,worried,hyderabad,,,,vague_timeline,True,True
Yaar ₹15000 pending hai. CIBIL score impact ho raha hai. Turant payment karein.,"Koi zarurat nahi hai, ₹7500 abhi bhej sakta hun. Baaki 18 tarikh ko zarur.",partial_payment,24,15000,business loan EMI,angry,hyderabad,18,7500.0,,,True,False
"Anna ₹8000 EMI bohot der se pending hai, CIBIL par impact ho sakta hai. Full payment karein.","boss abhi ₹4000 bhejta hun baaki 20 tarikh ko, okay ra?",partial_payment,59,8000,credit line EMI,cooperative,hyderabad,20,4000.0,,,True,False
"Amit ji, ₹7000 bike loan EMI pending hai. Late fees ₹500 ho gaye. Abhi payment karo, nahi toh CIBIL score kharab ho jayega.","yeh amount galat hai, mere loan ₹6000 ka tha. Extra charges kyun le rahe ho?",dispute,29,7000,bike loan EMI,desperate,hyderabad,,,amount issue,,True,False
"Amit bhai, ₹8500 bike loan EMI 33 din se overdue hai. Turant UPI se payment karein: rzp.io/pay. Late fees lag rahi hai, aur CIBIL score affect hoga.","yaar, sorry bhai. Aaj hi payment karwaunga, pakka. Office se payment karwa raha hoon, turant karoonga.",promise_to_pay,33,8500,bike loan EMI,polite-firm,delhi,today,8500.0,,,True,False
Sir ₹20000 bike loan EMI ke sath ₹4000 late fees bhi ho gaya hai. Hum aapko UPI maadtini ₹24000 clear karein ke liye bol rahe hain.,bekku sir thodi din me karta hun,refusal,88,20000,bike loan EMI,evasive,bangalore,,,,evasive,False,False
"Boss ₹6500 due hai, 73 days ho gaye. Definitely payment karein, CIBIL score affect ho sakta hai","Mere paas paise nahi hai, aap log late fees kyun charge karte ho? Main 1 week mein payment kar dunga",dispute,73,6500,bike loan EMI,evasive,hyderabad,1 week,,late fees,financial difficulty,True,False
Amit ji aapki ₹6000 ki EMI 81 din overdue hai. Isse aapka CIBIL score affect hoga. Turant UPI se payment kar dein: rzp.io/pay 📝,Bhai kuch nahi bole toh kuch nahi hoga 🙄,promise_to_pay,81,6000,BNPL payment,angry,delhi,,,,unwillingness to pay,True,False
"Rahul, ₹2500 ka EMI 31 din overdue. Abhi tak kyun nahi diya? UPI se jaldi karein: rzp.io/pay. Late fees bhi lag rahe hain",Kuch nahi hua bhai. Abhi transfer kar diya 🙏,promise_to_pay,31,2500,personal loan EMI,resigned,mumbai,,2500.0,,,False,False
"Kay re, Suresh ji, ₹18000 EMI pending hai. Kuch to batao, kab tak bhejoge?","abhi thoda time lagega, next month 1st week tak pakka",partial_payment,88,18000,BNPL payment,evasive,hyderabad,next month 1st week,,,,False,False
"Yaar, ₹3500 EMI 79 din late ho gayi. Turant UPI se payment kar dein: rzp.io/pay. Late fees bhi lag rahi hai. Agar abhi nahi kiya to legal action lena padega","Bhai, maaf karna. Kal tak kar dunga. Office se salary aane wali hai 🙏",promise_to_pay,79,3500,credit line EMI,polite,delhi,kal,3500.0,,salary,False,True
Boss ₹25000 credit line EMI pending hai. CIBIL score par impact padega. Please UPI se payment karein.,"okay ra abhi kuch din wait karna padega, mujhe kuch samay chahiye",refusal,26,25000,credit line EMI,evasive,hyderabad,,,,,True,False
"Sir, ₹4200 EMI due hai. 75 din ho gaye. Late fees bhi lag rahi hai. UPI maadtini karke payment karein.","Aapka system mein problem hai, maine 1 hafte pehle ₹4000 UPI kar diya tha, aap check karo",dispute,75,4200,BNPL payment,polite,bangalore,,,payment already made,system error,False,False
"Saurav ji, ₹8200 EMI 11 din se pending hai. Aapko settlement ka option bhi hai. Sun lo, aaj hi payment karein ya phir CIBIL score par asar padega.","Bhai, mere paas paisa nahi hai. Mere friend se maangta hoon. 12 din baad payment kar dunga.",needs_more_time,11,8200,mobile loan EMI,evasive,delhi,12 days,8200.0,,waiting_for_money,True,False
"₹20000 EMI overdue hai. UPI se payment karein. Late fees bhi lagu honge. Settlement ke liye bol rahe hain, lekin poora payment nahi hua hai.","Bhai ₹10000 abhi bhejta hun, baaki 2 hafte mein pakka karenge. Thoda time lagega, sorry. Kuch aur solution hai kya?",partial_payment,28,20000,credit line EMI,cooperative,hyderabad,2 weeks,10000.0,,time constraint,False,False
"Suresh ji, ₹3800 EMI 17 din overdue. ₹3840 (late fees) jaldi karein: tez.co/pay. CIBIL score impact ho sakta hai.","thik hai sir, 28th ko zarur kar dunga, abhi thoda tight hoon 🙏",promise_to_pay,17,3800,BNPL payment,resigned,chennai,28th,3840.0,,financial constraints,True,False
"Rahul ji ₹15000 bike loan EMI pending hai, 82 days ho gaye. Full payment karein, RBI guidelines ke hisaab se late fees lagenge.","Anna, ₹7500 abhi bhej sakta hun, baaki 15 din mein zaroor karenge. Enti please late fees maaf karein.",partial_payment,82,15000,bike loan EMI,desperate,hyderabad,15,7500.0,,,False,False
Amit anna ₹12000 EMI 47 din overdue. Late fees bhi lag rahe hai. CIBIL score affect hoga. UPI se kar dein: rzp.io/pay 📝,"Sorry boss, cheques bounce hue the, okay ra abhi kuch din lagega settle karne me 🤞",promise_to_pay,47,12000,BNPL payment,polite,hyderabad,,,,cheque_bounce,True,False
"Rajesh ji, ₹5000 EMI ka 19 din ho gaya. Sun lijiye, CIBIL score bahut kharab ho jayega. Turant karein: rzp.io/pay","Bhai, kya kar sakte hain? Mujhe kuch time do",promise_to_pay,19,5000,business loan EMI,worried,delhi,,,,financial issues,True,False
"Hi Rohan ji, ₹2100 EMI kal due thi. Aaj tak nahi aayi. UPI maadtini: rzp.io/pay. Late fees bhi lagega","Haan bhai kal office se baahar tha, aaj evening mein kar dunga 🙏",promise_to_pay,3,2100,business loan EMI,cooperative,bangalore,today,2100.0,,office_commitment,False,False
Arre Rohan ji ₹25000 bike loan EMI overdue hai 29 days se. Aapko late fees bhi dena padega. Kab tak karoge payment?,Main kya karu? Mera business thoda down hai. Aap log thoda time do.,refusal,29,25000,bike loan EMI,worried,mumbai,,,,financial_difficulty,False,False
"Rahul ji, ₹25000 EMI pending hai. Aapki CIBIL score par asar pad sakta hai. Kab tak payment karoge?","Re, ₹10000 abhi bhej sakta hun, baaki kal",partial_payment,28,25000,credit line EMI,worried,pune,tomorrow,10000.0,,temporary financial difficulty,True,False
"Rahul bhai, aapka ₹8500 ka bike loan EMI 79 din se due hai. Turant payment karein, nahi toh CIBIL score kharaab hoga.","Yaar maine kal hi UPI kar diya tha, aapne receive nahi kiya kya?",dispute,79,8500,bike loan EMI,polite,delhi,,,payment not received,technical issue,True,False
"Aditya ji, ₹18000 ka payment 13 din se overdue hai. Late fees bhi lag rahi hai. Settlement karne ke liye EMI schedule check karein: <payment link>","Sir, thoda bekku time do. Abhi salary nahi aaya hai. Next week kar deta hun 🤞",refusal,13,18000,BNPL payment,polite,bangalore,next week,18000.0,,temporary financial difficulty,False,False
"Sachin ji, ₹18000 bike loan EMI 15 din overdue. Settlement option bhi hai. Abhi karein: rzp.io/pay","bhai thoda time do, next week transfer karwa dunga, abhi ghar mein kuch issues hain 🙏",promise_to_pay,15,18000,bike loan EMI,cooperative,delhi,next week,18000.0,,personal,False,False
Ramesh ji ₹6500 ka EMI due hai. Late fees ₹500 ho gaye. Kripya jaldi payment karein.,yeh ₹500 extra kyun? Maine to ₹6000 ka loan liya tha.,dispute,29,6500,business loan EMI,angry,bangalore,,,incorrect amount,misinformation,False,False
"Neha ji, ₹9000 ki EMI 24 din se pending hai. Aapki CIBIL score par impact pad sakta hai, re. Full payment karein, UPI se kar sakte hain.","Abhi ₹4500 bhej rahi hun, baaki 15 tarikh ko bhejungi, sorry 😊",partial_payment,24,9000,mobile loan EMI,desperate,mumbai,15,4500.0,,temporary financial difficulties,True,False
"Sir, ₹8000 EMI 25 din ho gaye due. CIBIL score affect hoga. Abhi karein: rzp.io/pay","beku, 2-3 din mein transfer kar dunga. Abhi ghar mein kuch problem hai",promise_to_pay,25,8000,credit line EMI,evasive,bangalore,2-3 days,8000.0,,personal problem,True,False
"Namaskar Sir, ₹12000 EMI 68 din overdue hai. Late fees ₹800 extra lagega. Aapko CIBIL score affect hoga. UPI maadtini: gpay.io/pay","Sorry sir, genuinely thoda tight chal raha hai. Aaj evening mein ₹5000 transfer karta hoon. Baaki next week tak kar dunga 🙏",promise_to_pay,68,12000,BNPL payment,polite,bangalore,today,5000.0,,financial,True,False
"Sir ₹25000 due hai 73 din ho gaye, illa CIBIL affect ho sakta hai. UPI maadtini ₹5000 ke EMI se start karte hain?","Abhi nahi kar sakta sir, bekku 2-3 din mein transaction karunga",refusal,73,25000,BNPL payment,polite,bangalore,,,,financial constraints,True,False
"Rohan ji, ₹2800 EMI 4 din ho gaye late. Late fees bhi lagech, UPI se abhi kar dein: rzp.io/pay","haan bhai kal tak kar dunga, sorry yaar kuch family issues mein busy tha",promise_to_pay,4,2800,mobile loan EMI,polite,hyderabad,kal,2800.0,,family issues,False,False
"Hi bhai, ₹6000 EMI 16 din overdue hai. Late fees lag rahi hai, CIBIL score bhi affect hoga. UPI se turant kar dein: rzp.io/pay 🙏","Yaar, kal salary aayegi, pakka usse pehle transfer karwa dunga 🙏",promise_to_pay,16,6000,personal loan EMI,polite,delhi,kal,6000.0,,,True,False
"Enti ₹3000 ka BNPL payment 54 din se overdue hai. RBI guidelines ke mutabiq, aapko late fees bhi dena padega. Abhi UPI se kar dein: rzp.io/pay",Boss aaj office mein busy tha. Kal zaroor kar dunga. Aapko phir reminder nahi karna padega. 🙏,promise_to_pay,54,3000,BNPL payment,polite,hyderabad,kal,3000.0,,,False,True
"Arre ₹4800 ka EMI 30 din se due hai, aapne ab tak kyun nahi kiya payment?","Nako, maine 10 din pehle hi UPI se payment kar diya tha, aapke system mein lagta hai problem hai.",dispute,30,4800,credit line EMI,angry,mumbai,,,payment not reflected,system error,False,False
"Sun yaar, ₹10000 EMI bohot din se due hai. RBI guidelines ke mutabiq legal action lena pad sakta hai. UPI se turant kar dein: rzp.io/pay 🙏","bhai sorry yaar, abhi kuch din aur de do, pakka kar dunga 🙏",promise_to_pay,88,10000,personal loan EMI,worried,delhi,abhi kuch din,10000.0,,vague timeline,False,True
"₹19000 ka personal loan EMI pending hai. 64 days ho gaye hain, late fees bhi lag rahi hai. Kripya payment karne ki koshish karein, nahi to legal action lena padega.","definitely karta hun, par abhi thoda time do",refusal,64,19000,personal loan EMI,worried,hyderabad,,,,,False,True
"Ravi ji ₹12000 pending hai, 47 days ho gaye, settlement offer karna padega, enti okay ra?","definitely, abhi 6000 bhejta hun, baaki 1 mahine mein pakka, lekin interest mat lo, bhai 😊",partial_payment,47,12000,BNPL payment,cooperative,hyderabad,1 month,6000.0,,,False,False
"Namaste sir, aapka ₹4500 bike loan EMI 74 days overdue hai. UPI maadtini payment karein.","Illa sir, maine kal hi ₹3000 transfer kiya tha, aap check karein.",dispute,74,4500,bike loan EMI,polite,bangalore,,,payment not updated,technical issue,False,False
"Ramesh ji, ₹10000 mobile loan EMI 49 din se overdue hai. Aapko late fees ka notice mil chuka hoga. Kay aap settle karne ke liye taiyar hain?","Nako bhai, main aaj hi payment kar dunga. Galti se date miss ho gayi thi 🙏",needs_more_time,49,10000,mobile loan EMI,cooperative,mumbai,today,10000.0,,forgetfulness,False,False
"Namaskara sir, ₹12000 EMI 18 din ho gaye. CIBIL score kharab ho sakta hai. UPI maadtini, bekku: rzp.io/pay","Illa bekku, this weekend transfer madtini 🙏",promise_to_pay,18,12000,mobile loan EMI,polite,bangalore,this weekend,12000.0,,personal_issue,True,False
"Amit bhai, ₹1200 ka EMI 20 din overdue hai. Abhi UPI se karein: rzp.io/pay. CIBIL score ko maintain karna zaroori hai.","bekku, today office mein busy tha, tomorrow pakka kar dunga",promise_to_pay,20,1200,BNPL payment,cooperative,bangalore,tomorrow,1200.0,,busy,True,False
₹5200 due hai sir. Illa aap payment karein,"sorry sir, ₹1000 hi abhi de sakte hain. baaki next week mein denge",dispute,10,5200,credit line EMI,evasive,bangalore,next week,1000.0,,temporary financial difficulty,False,False
"Vijay ji, ₹4200 EMI 10 din overdue. Settlement option bhi hai. Abhi karein: rzp.io/pay 📝","bhai, office mein busy tha. Pakka kal payment kar dunga, thanks for reminder 🙏",promise_to_pay,10,4200,BNPL payment,polite,hyderabad,tomorrow,4200.0,,office_work,False,False
"Ramesh ₹9000 EMI due ho gaya hai, aap 3 din se overdue ho. Aap payment kab tak kar sakte ho?","bhai 4500 abhi bhejta hun, baaki 1 hafte mein pakka, sorry for delay 🙏",partial_payment,3,9000,credit line EMI,polite,hyderabad,8,4500.0,,personal reasons,False,False
"Amit ji, ₹8000 ka EMI 30 din overdue. Abhi tak kuch nahi aaya. Late fees lag rahi hai. Settlement karne ke liye call karein.","Re, mujhe thoda time do. Friday ko transfer kar dunga, promise 🙏",promise_to_pay,30,8000,BNPL payment,desperate,mumbai,friday,8000.0,,time_requested,False,False
₹12000 ki bike loan EMI 38 days se pending hai. Legal notice jaldi hi bhejna padega agar aaj ₹12050 clear nahi hua. Settlement option bhi hai.,Settlement? Kya matlab hai?,refusal,38,12000,bike loan EMI,cooperative,bangalore,,,,request_for_clarification,False,True
Boss ₹9000 EMI miss ho gayi. 28 din ho gaye. CIBIL score impact hoga. Payment karein.,"Okay ra, kal tak payment kar dete hain. UPI kar denge. 🙏",dispute,28,9000,credit line EMI,evasive,hyderabad,tomorrow,9000.0,,payment delay,True,False
"Bhai ₹12000 EMI pending hai, 70 din ho gaye. Ab turant karen ya legal notice aayega. CIBIL score bhi kharab hoga.","Yaar mujhe thoda time chahiye, 6000 abhi bhej sakta hun baaki 1 hafte mein pakka",partial_payment,70,12000,personal loan EMI,polite,delhi,1 hafte mein,6000.0,,,True,True
"Ramesh ji, ₹15000 pending hai. Sun, aapko settlement offer kar sakte hain. Kripya turant payment karein.","Bhai ₹7500 abhi bhej raha hun, baaki kal tak pakka kar lo.",partial_payment,40,15000,business loan EMI,cooperative,delhi,,7500.0,,health issues,False,False
"Deepak ji ₹9000 pending hai. ₹4500 abhi pay karein, baaki 15 tarikh ko ₹4500 or ₹1000 ki late fee. Settlement offer sirf aaj tak hai.","boss ₹3000 abhi bhejta hun, baaki ₹6000 10 tarikh ko bhejunga. Okay ra?",partial_payment,90,9000,personal loan EMI,resigned,hyderabad,10,3000.0,,,False,False
"Anil ji, ₹25000 personal loan EMI pending hai. 17 din ho gaye overdue. Late fees bhi lag rahi hai. Payment karein please.",Nahi kar sakta. Court mein jaunga.,refusal,17,25000,personal loan EMI,angry,hyderabad,,,,,False,True
"Sir, ₹23000 business loan EMI 15 din se pending hai. Late fees lag rahi hai, aap CIBIL score ko impact kar rahe hain. UPI maadtini ₹23000 settle karein.","Illa bekku 2-3 din, settlement kar dunga, ₹20000 kar sakte ho?",needs_more_time,15,23000,business loan EMI,polite,bangalore,2-3 din,20000.0,,business_problem,True,False
"Ankit ji ₹3800 ki EMI 38 din se pending hai. UPI se turant payment karein: rzp.io/pay. Late fees lagu honge, CIBIL score bhi affect hoga.","bhai aapko pata hai mera business thoda down hai, kab tak ho sakta hai? 🤔",promise_to_pay,38,3800,personal loan EMI,worried,delhi,,,,business down,True,False
"Suresh ji, ₹18000 personal loan EMI pending hai. 17 din ho gaye overdue. CIBIL score definitely impact karega. Payment karein please.","Enti, main karta hun. Par UPI karna nahi aata.",refusal,17,18000,personal loan EMI,worried,hyderabad,,,,lack of knowledge,True,False
"Surbhi ji aapka ₹3800 EMI 77 din se due hai, aapko settlement offer de raha hoon, ₹3000 de dijiye aur aapka account clear ho jayega.","Pakka, main ₹3000 de dunga, lekin aap mere CIBIL score ko theek karwa dena 🙏",dispute,77,3800,mobile loan EMI,cooperative,delhi,today,3000.0,,,True,False
"Amit ji, aapka ₹7000 bike loan EMI due hai. Bekku ₹1000 late fees bhi lag gaye hain. Settlement offer hai ₹5500 mein.", ₹1000 extra kyun? Mera loan ₹6000 ka tha.,dispute,74,7000,bike loan EMI,angry,bangalore,,,incorrect amount,incorrect loan amount,False,False
"Arre, Rohan ji, ₹4800 EMI due hai 6 din ho gaye. Thoda jaldi payment kar sakte hain? UPI link bhejta hoon.","nako sir, maine 2 din pehle payment kar diya tha, aap check karo na.",dispute,6,4800,personal loan EMI,polite,mumbai,,,payment not updated,technical issue,False,False
"Sun, ₹4500 bike loan EMI 51 days overdue hai. Aapka CIBIL score kharab ho jayega. Turant payment karein.","Bhai, maine 2 din pehle call kiya tha. Aapne bola tha 3 din mein update hoga. Ab kya hua?",dispute,51,4500,bike loan EMI,worried,delhi,,,payment not updated,communication issue,True,False
"Sir ₹12000 Baki hai, 44 days ho gaye hain overdue. Legal notice bhejna padega. Please EMI clear karein.","Kya Anna, itna jaldi kaise karunga, kuch time do.",refusal,44,12000,mobile loan EMI,worried,hyderabad,,,,,False,True
"Ankit bhai, ₹3800 EMI 38 din se overdue hai. Late fees ₹300 lag gayi hai. Turant payment karein, nahi to legal action lena padega.","Bhai abhi nahi ho payega, agle hafte mein payment karunga. Please thoda aur time do 🙏",needs_more_time,38,3800,credit line EMI,polite,delhi,,,,time_request,False,True
"Amit ji, ₹8000 ka bike loan EMI 55 din se pending hai. CIBIL score affect hoga, illa zarur karein: rzp.io/pay","bhai thoda time de do, salary abhi nahi aayi, next week zarur kar dunga 🙏",promise_to_pay,55,8000,bike loan EMI,desperate,bangalore,next week,,,no_salary,True,False
"Ankit ji aapki ₹22000 ki EMI 51 din se pending hai. Aaj hi settlement karein, nahi toh CIBIL score kharaab ho jayega aur aapko loan lene mein problem hogi.","bhai sach mein paisa nahi h, 10 din aur do, turant payment kar dunga 🙏",needs_more_time,51,22000,personal loan EMI,desperate,hyderabad,10 days,22000.0,,financial_problem,True,False
"Sir, ₹3200 EMI due hai. Aapke account mein late fees bhi lag rahi hai. Bekku ₹3500 karke payment karein.","Abhi thoda time chahiye, 10 din mein kar deta hoon",dispute,75,3200,BNPL payment,evasive,bangalore,10 days,3500.0,,lack of funds,False,False
"Re, ₹18000 ka EMI pending hai. Late fees bhi lag gaye hain. Thoda samay nahi hai. Aapko settlement ke liye ₹15000 pe payment karni hogi.","Sorry, thoda time chahiye. Next month de dunga 🤞",refusal,71,18000,credit line EMI,evasive,mumbai,,,,,False,False
Srinivas ji ₹28000 bike loan EMI pending hai. Aapka account settlement ke liye eligible hai. Enti interest maaf kar sakte hai.,Mujhe thoda time chahiye. Next month se EMI dena shuru kar dunga.,refusal,30,28000,bike loan EMI,evasive,hyderabad,,,,vague timeline,False,False
"Enti ₹22000 clear karein please, 44 days ho gaye hain overdue. RBI guidelines ke according action lena padega.","Sorry Anna, par abhi ghar pe kuch issues hai, 2 weeks ke andar try karunga.",refusal,44,22000,mobile loan EMI,stressed,hyderabad,,,,,False,True
"Hi Saurabh, ₹9500 EMI 11 din se overdue hai. Late fees lag rahi hai. Turant payment karein, UPI link bhejta hoon.","Yaar bhai, mummy hospital mein hain aur ghar mein paisa nahi h, 12 din mein zarur kar dunga, lekin please aap 5% late fees maaf kar do 🙏",needs_more_time,11,9500,credit line EMI,desperate,delhi,12 din mein,9500.0,,family_health_issue,False,False
"Yaar ₹12000 EMI pending hai, 89 din ho gaye. Turant payment karein, varna late fees lagu hoga.","Bhai, 6000 abhi bhejta hun. Baaki 15 din mein pakka karta hun.",partial_payment,89,12000,bike loan EMI,polite,delhi,15,6000.0,,,False,False
"Vikas ji ₹4200 ka EMI 41 days se pending hai, bol payment kab tak kar rahe hain? RBI guidelines ke anusar action lena padega.","bhai maine to paise nahi hai, kuch din aur chahiye, RBI guidelines ke baare mein pata nahi hai",dispute,41,4200,personal loan EMI,cooperative,delhi,next month,3000.0,amount negotiation,financial difficulty,False,True
"Arun sir, ₹4500 ka EMI pending hai 29 din se. Bekku payment karein, CIBIL score impact ho sakta hai.","Illa, maine UPI maadtini 5 din pehle, aap logon ke system mein problem hai.",dispute,29,4500,business loan EMI,firm,bangalore,,,payment not updated,technical issue,True,False
"Suresh ji ₹8000 ka EMI 14 din se overdue hai. Aapka CIBIL score impact ho sakta hai. Okay ra, aaj settle karein? UPI se payment link bhej raha hoon.","Boss, sorry yaar. Thoda time do. Mera business mein problem chal raha. Next month kar dunga.",needs_more_time,14,8000,personal loan EMI,polite,hyderabad,next month,16000.0,,business problem,True,False
"Arre Vikas ji, ₹12000 mobile loan EMI 38 din se overdue hai. Late fees lag rahi hai. UPI se settle kar sakte ho.","Re bhai, abhi thoda time lagega, 2 hafte aur do, phir ek sath 2 EMI kar dunga.",needs_more_time,38,12000,mobile loan EMI,cooperative,mumbai,15 days,24000.0,,personal,False,False
Rahul ji ₹20000 bike loan EMI pending hai. Legal notice bhejna padega agar aap payment nahi karte.,Maine pehle hi aapko bataya hai. Mera case court mein chal raha hai.,refusal,30,20000,bike loan EMI,desperate,hyderabad,,,court case,court case,False,True
"Amit ji, ₹8000 EMI 15 din overdue. Nako, abhi tak kuch nahi aaya. CIBIL score kharaab hoga. Abhi karein: rzp.io/pay","Bhai, friday salary aayegi, usse pehle transfer kar dunga. Thoda patience rakho 🙏",promise_to_pay,15,8000,business loan EMI,cooperative,mumbai,friday,8000.0,,salary pending,True,False
"Naveen ji, ₹4000 EMI 17 din overdue. UPI se kar dein: rzp.io/pay. Late fees lagu honge",thoda time do sir. Agar paisa nahi deta to kya hoga?,promise_to_pay,17,4000,BNPL payment,evasive,bangalore,,,,delay tactics,False,False
"₹9000 pending hai, sun, aapko late fees bhi dena padega. Poora payment karein ya phir settlement chalega?","Bhai ₹4500 abhi bhej sakta hun, baaki 2 hafte mein pakka 🤞",partial_payment,24,9000,mobile loan EMI,worried,delhi,15,4500.0,,family emergency,False,False
"Nako, Rohan ji ₹8000 EMI ka late fees bhi lagta hai. Abhi 4000 bhejo, baaki 2 hafte mein","Re, thoda zyada ho gaya, abhi 2000 hi de sakta hun, baaki 1 mahine mein",partial_payment,19,8000,mobile loan EMI,evasive,mumbai,,2000.0,,delayed settlement,False,False
Amit ji 3rd reminder — ₹6200 EMI 30 din overdue. CIBIL score ko nuksaan hoga. Abhi karein: rzp.io/pay,re bhai thoda time do. friday ko salary aayegi tab kar dunga 🙏,promise_to_pay,30,6200,credit line EMI,cooperative,mumbai,friday,6200.0,,salary,True,False
"Rajesh ji, ₹7500 bike loan EMI 7 din se overdue hai. Nako settle kar dete hain? Late fees ke saath total ₹8500 ho jayega.","re, abhi paisa nahi h, 5 din mein karta hoon. Payment link bhejo",needs_more_time,7,7500,bike loan EMI,evasive,bangalore,5 din,,,short_on_funds,False,False
"Priya ji, ₹11000 personal loan EMI pending hai. Bol, kab tak payment kar sakti ho?","Next week tak kar deti hun, bank se baat kar rahi hun",refusal,14,11000,personal loan EMI,evasive,hyderabad,next week,,,bank,False,False
"Arre, ₹7800 ki EMI 29 din se overdue hai. Late fees lagech hai. Aapka CIBIL score bhi impact ho sakta hai. Turant payment karein.","Bhai, thoda time do. Mera CA sahab se baat kar raha hoon, next week settlement karwa dunga",needs_more_time,29,7800,business loan EMI,cooperative,mumbai,next week,7800.0,,CA consultation,True,False
Dinesh ji ₹11000 EMI bahut overdue hai. Turant contact karein. CIBIL score ko impact ho raha hai.,"abhi nahi ho payega, 30 din baad",needs_more_time,23,11000,BNPL payment,evasive,hyderabad,30 days,,,unsure,True,False
Amit ₹7000 ka EMI bharna hai. Ab tak kyun nahi kiya?,"yeh amount galat hai mera loan 6000 ka tha extra charges kyun? okay ra, main kal check karke bataunga.",dispute,69,7000,credit line EMI,angry,hyderabad,tomorrow,,incorrect amount,disagreement,False,False
"Rahul ji, ₹18000 EMI due hai. UPI se ₹9000 abhi bhej sakte hain?","bol bhai ₹4500 abhi bhej sakta hun, baaki agle hafte tak pakka",partial_payment,22,18000,mobile loan EMI,desperate,delhi,,4500.0,,unforeseen circumstances,False,False
"Boss ₹12000 EMI pending hai, 28 din ho gaye hain. Abhi tak poora payment nahi hua hai. CIBIL score pe impact padega. UPI se payment karein.","Anna, ₹6000 abhi bhejta hun, baaki 15 tarikh ko zaroor karenge. Sorry boss, thoda financial issue tha.",partial_payment,28,12000,credit line EMI,polite,hyderabad,15,6000.0,,financial issue,True,False
"Namaste Sir, ₹4200 EMI due ho gayi hai. UPI maadtini karein",maine 2 din pehle payment kar diya tha aapka system update nahi hai,dispute,10,4200,credit line EMI,angry,bangalore,,,payment already made,,False,False
"Arjun ji, ₹9200 EMI due hai. Aapka CIBIL score bahut kamzor hai, isse sudharne ke liye ₹5000 abhi payment karein","Thoda time chahiye, main agle hafte ₹3000 pay kar deta hoon, baki ₹6200 next month dena hoga kya?",dispute,19,9200,mobile loan EMI,evasive,chennai,next week,3000.0,,delayed payment,True,False
"Sir ₹15000 pending hai, 67 days ho gaye hain. UPI se payment karein ya humein settlement ke liye call karein. CIBIL score impact ho sakta hai.","Bhai ₹5000 abhi bhejta hun, baaki 2 hafte mein pakka, please late fees maaf karein",partial_payment,67,15000,BNPL payment,cooperative,hyderabad,2 weeks,5000.0,,,True,False
"Arre, ₹9500 EMI 59 din se pending hai. CIBIL score kharab ho jayega. Abhi tak kyun nahi kiya settlement?","Nako, abhi paisa nahi hai. Thoda time do, next week kar dunga.",needs_more_time,59,9500,mobile loan EMI,worried,hyderabad,next week,,,financial_problem,True,False
"Sun, ₹9000 EMI miss ho gayi. Late fees ₹2000 extra lagegi, turant payment karein.","Bhai, ₹2000 late fees galat hai. Maine ₹9000 samay pe bheja tha, aap apne system check karo.",dispute,16,9000,bike loan EMI,angry,delhi,,,incorrect late fees,technical issue,False,False
"Sir ₹7000 EMI miss ho gayi, 73 days overdue hai. Aap payment kab tak karein?","Yeh amount galat hai, mere loan ki details check karein. Extra charges kyun lagaye?",dispute,73,7000,bike loan EMI,angry,hyderabad,,,incorrect amount,loan details issue,False,False
"Rajesh bhai, ₹8500 EMI 9 din se overdue hai, late fees bhi lag rahi hai. Aaj turant settlement karwa do, UPI se payment link bhej raha hu","Yaar, abhi business mein problem chal rahi hai, next month pakka kar dunga, aap please 10 din aur do 🙏",needs_more_time,9,8500,business loan EMI,polite,delhi,next month,8500.0,,business problem,False,False
"Rakesh ₹35000 49 din se overdue hai, okay ra, RBI ke rules ke anusar CIBIL score kharab ho jayega. UPI se aaj settle karein.","definitely 5 din aur do, loan adjust karne ki koshish karunga",needs_more_time,49,35000,bike loan EMI,cooperative,hyderabad,5 din,,,loan adjustment,True,False
"Rohan ji, ₹28000 bike loan EMI 15 din ho gaye. CIBIL affect hoga. Abhi turant UPI se kar dein: rzp.io/pay","bhai sorry, kal tak pakka karwa dunga, aaj thoda busy tha, aur bhai please late fees mat lagaana 🙏",promise_to_pay,15,28000,bike loan EMI,polite,delhi,tomorrow,28000.0,,work,True,False
Ankit bhai ₹28000 ke EMI ke liye turant UPI se payment karein. 17 din ho gaye late fees bhi lagu hoga. CIBIL score bhi impact hoga.,Bhai 2-3 din mein kar dunga pakka.,refusal,17,28000,personal loan EMI,evasive,delhi,,,,delayed payment,True,False
"Anna ₹8000 EMI overdue hai, full payment karein, warna CIBIL score kharaab ho sakta hai","Boss, abhi 3000 bhejta hun, baaki 15 tarikh ko zaroor karenge, sorry for delay 🤕",partial_payment,47,8000,BNPL payment,cooperative,hyderabad,15,5000.0,,,True,False
"Nako, Rohan ji, ₹12000 EMI pending hai. Aapko pata hai late fees lag rahi hai, CIBIL score bhi kharab hoga.","arre bhai 6000 abhi bhejta hun, baaki 15 tarikh ko pakka",partial_payment,88,12000,BNPL payment,cooperative,pune,15 tarikh,6000.0,,,True,False
"Amit ji, ₹9000 EMI 40 days overdue hai. Late fees lag gayi hai, aur CIBIL score bhi affect hoga. UPI se kar dein: rzp.io/pay, nahi to settlement option discuss karna padega.","Bhai, thoda time de dijiye, main aaj hi kar dunga, salary aayi hai 🙏",promise_to_pay,40,9000,BNPL payment,worried,bangalore,today,9000.0,,salary delay,True,False
"Vikram ₹12500 mobile loan EMI 85 days overdue hai. Legal action lena pad sakta hai, settlement offer hai.","Chalo, ₹8000 abhi jama karta hun, aur ₹4500 agle mahine jama kar dunga. Okay?",needs_more_time,85,12500,mobile loan EMI,cooperative,hyderabad,next month,4500.0,,,False,True
Rajesh ji 2nd reminder — ₹13000 EMI 62 din overdue. Settlement offer — ₹10000. UPI se kar dein: rzp.io/pay,"ok sir, ₹10000 kar deta hoon. Thoda time do, account balance transfer karne me",promise_to_pay,62,13000,bike loan EMI,cooperative,bangalore,,10000.0,,account balance,False,False
"Kay, ₹20000 ka EMI 71 din se pending hai. CIBIL score bhi affect ho raha hai. Settlement ke liye ₹17000 pe payment karni hogi.","Nahi, itna nahi de sakte. ₹10000 de dunga, bas",refusal,71,20000,credit line EMI,cooperative,mumbai,,10000.0,,,True,False
"Saurabh ji, ₹11000 ki EMI clear karein please. Settlement karwa sakte hain. Payment link bhej raha hoon.","Nahi yaar, abhi nahi kar sakta, kal baat karte hain",refusal,9,11000,credit line EMI,worried,delhi,,,,short_deferral,False,False
"Nikhil ji ₹9000 EMI due hai. 25 din ho gaye, ab late fees bhi dena padega. CIBIL score impact padega, kay?","Sorry re, mera business thoda slow chal raha hai. 2-3 din mein payment kar dunga",dispute,25,9000,business loan EMI,desperate,bangalore,3 days,9000.0,payment delay,business issue,True,False
₹6500 EMI pending hai sir. Payment link: ...,yeh amount galat hai sir. mera loan ₹5500 ka tha. late fees kyun lagaye,dispute,10,6500,credit line EMI,desperate,bangalore,,,incorrect amount,,False,False
"Nako ji, ₹8000 EMI 22 din overdue. Late fees bhi lagega, abhi karein: rzp.io/pay","bhai sorry, office mein thoda problem hai. 15th ko salary aayegi, usse pehle kar dunga 🙏",promise_to_pay,22,8000,credit line EMI,worried,mumbai,15th,8000.0,,office_problem,False,False
"Nako Rohan ji, ₹8500 mobile loan EMI bahut overdue hai. CIBIL score kharab ho jayega. Turant contact karein.","Yaar, abhi paisa nahi hai, business mein problem chal raha hai, kay 3 hafte mein kar dunga.",needs_more_time,38,8500,mobile loan EMI,evasive,mumbai,,,,business,True,False
"Rahul ji, aapke ₹18000 ka BNPL payment 40 din se overdue hai. Late fees ₹2000 lag chuke hain. Poora payment karein, nahi to legal notice aa sakta hai.","Re bhai, ₹5000 abhi bhejta hun. Baaki 2 hafte mein zaroor karta hun",partial_payment,40,18000,BNPL payment,desperate,mumbai,14,5000.0,,,False,True
"Sir, ₹900 ka EMI 20 din ho gaye. Late fees ₹200 lag gaye. Abhi UPI se transaction karein: rzp.io/pay. CIBIL score impact ho sakta hai.","sorry sir, kuchh financial issues ho gaye, can we settle for ₹700?",promise_to_pay,20,900,BNPL payment,desperate,bangalore,,700.0,amount,financial issues,True,False
"Raj ji, ₹3200 EMI 17 din overdue. ₹3240 (late fees) jaldi karein: bhim.co/pay. CIBIL score impact ho sakta hai.","sorry sir, this weekend zarur kar dunga, thoda ghar ki tension hai 🤕",promise_to_pay,17,3200,BNPL payment,worried,delhi,weekend,3240.0,,family issues,True,False
"Boss ₹4200 mobile loan EMI 85 days overdue hai. CIBIL score kharaab ho sakta hai, turant contact karein.","Definitely karoonga, par mummy hospital mein hain. 10 din baad zaroor jama kar dunga, bas thoda time do 🙏",needs_more_time,85,4200,mobile loan EMI,desperate,hyderabad,,,,family problem,True,False
Sir ₹4500 EMI pending hai 86 days se. UPI maadtini karke payment karein.,"Sorry sir, maine kal UPI kar diya tha, aapke system mein issue hai",dispute,86,4500,BNPL payment,polite,bangalore,,,payment issue,technical issue,False,False
"Amit ji aapka ₹12000 personal loan EMI 5 din se overdue hai. Aaj hi payment karein, nahi to CIBIL score affect hoga.","Bhai sun, mere business mein thodi problem hai. Next month ₹20000 double kar dunga, abhi ₹5000 kar sakte hain.",needs_more_time,5,12000,personal loan EMI,cooperative,mumbai,next month,20000.0,,business constraint,True,False
"Rajesh ji, ₹30000 EMI overdue hai, 28 din ho gaye hain. Settlement options bhi discuss kar sakte hain. Poora payment kab karoge?","Kay karun, bhai? ₹15000 abhi bhej sakta hun, baaki 5 din mein",partial_payment,28,30000,credit line EMI,resigned,hyderabad,5 days,15000.0,,business losses,True,False
"Yaar Rohan bhai, ₹12000 EMI pending hai 14 din se. Turant payment karein, UPI link bhejta hun.","Abhi nahi kar sakta, bank se baat kar raha hun, thoda time lagega 🤕",refusal,14,12000,personal loan EMI,polite,delhi,,,,bank,False,False
"Arre Rajesh ji, ₹25000 ka EMI 61 din ho gaya hai. Ab tak late fees ₹5000 lag chuke hain. UPI se payment kar sakte hain.","Nako, thoda time do. Abhi bank se baat kar raha hun.",refusal,61,25000,business loan EMI,polite-firm,mumbai,,,,financial difficulties,False,True
"Sunita ji, ₹22000 ka loan 61 din se pending hai. Aapka CIBIL score bhi affected ho raha hai. Thoda settlement offer karte hain.","Nahi, main full payment karunga. Bas thoda time do.",refusal,61,22000,business loan EMI,polite-firm,mumbai,,,,needs time,True,False
Rahul ji ₹28000 ka BNPL payment 74 days late ho gaya hai. ₹6000 ka settlement offer hai. Aapke CIBIL score pe asar padega,Maine apply kiya tha na? Lekin abhi kuch nahi bol sakta. Kal baat karta hun,refusal,74,28000,BNPL payment,evasive,bangalore,,,,lack of awareness,True,False
"Rahul ji, ₹5000 ka BNPL payment 70 din se overdue hai. Late fees lag rahi hai. Aapne kab tak payment karne ka plan hai?","Nako paisa nahi hai, mummy hospital mein hain, 1 month mein zarur kar dunga, settlement offer kya hai?",needs_more_time,70,5000,BNPL payment,desperate,bangalore,1 month,,,health_problem,False,True
"Rohan bhai, ₹4800 EMI 38 din se pending hai. Turant settlement karein, nahi to CIBIL score kharab hoga.","Yaar mujhe thoda aur time chahiye, ghar mein kuch problem chal rahi hai. Next month pakka payment kar dunga 🙏",needs_more_time,38,4800,credit line EMI,polite,delhi,,,,family_problem,True,False
"Rohan sir, ₹3200 ka EMI 17 din ho gaye. UPI maadtini illa: rzp.io/pay. CIBIL score affect hoga.","bekku, sir. thodi busy chal raha hai. Monday ko kar dunga 🙏",promise_to_pay,17,3200,BNPL payment,polite,bangalore,Monday,,,busy,True,False
"Rohan bhai ₹19000 bike loan EMI pending hai. Turant payment karein, nahi toh CIBIL score kharab hoga. UPI: https://...","Bhai sorry, kuch din baad kar dunga. Abhi kuch problem ho raha hai 🤕",refusal,2,19000,bike loan EMI,resigned,delhi,,,,health issue,True,False
"Kumar sir, ₹7500 bike loan EMI 15 din se overdue hai. Late fees lag rahi hai, aaj settle karein, UPI link bhejta hoon.","Sir, paise nahi hain, 20 din mein payment kar dunga, aap ek baar mauka de do please 🙏",needs_more_time,15,7500,bike loan EMI,desperate,bangalore,20 din mein,7500.0,,,False,False
"Sir ₹3800 EMI pending hai. Illa payment karein, CIBIL score kharab hoga.","Sorry sir, maine paise nahi hai, kal paise aate hi payment kar dunga 🤞",dispute,86,3800,BNPL payment,worried,bangalore,kal,3800.0,,lack of funds,True,False
"Rahul ji, ₹12000 EMI 16 din overdue hai. Late fees ₹500 lag chuki hai, CIBIL score bhi affect ho raha hai. Turant UPI se payment karein: rzp.io/pay","Yaar, mujhe thoda time do, main kal tak pakka karwa dunga 🙏",promise_to_pay,16,12000,personal loan EMI,polite,delhi,kal,12000.0,,,True,False
"Amit ji, ₹3000 EMI 15 din overdue. Nako, abhi tak kuch nahi aaya. Late fees lag gaya hoga. UPI se kar dein: rzp.io/pay","Bhai, kal kal karunga. Tension mat lo",promise_to_pay,15,3000,business loan EMI,angry,mumbai,kal,3000.0,,angry,False,False
Rohan ji ₹12000 EMI 14 din overdue hai. Aapko pata hai ki CIBIL score kya hai? UPI se kar dein: rzp.io/pay,"Bhai kal office se baahar nikalne wala tha, abhi kar dunga 🙏",promise_to_pay,14,12000,mobile loan EMI,polite,mumbai,kal,12000.0,,out_of_office,False,False
"Rahul ji, aapka ₹8000 ka bike loan EMI 31 din se overdue hai. UPI se payment karein, nahi toh CIBIL score kharab ho sakta hai.","Bhai, mujhe pata hai, 4000 abhi bhejta hun, baaki 20 din mein pakka. Sorry yaar, galti se delay ho gaya 🙏",partial_payment,31,8000,bike loan EMI,desperate,delhi,20,4000.0,,forgetfulness,True,False
"Amit ji ₹1800 ki EMI 38 din se pending hai. CIBIL score affect hoga. UPI se turant payment karein: rzp.io/pay. Legal action lena padega, samjhe?","bhai abhi office mein hoon, ghar aakar karwa dunga. Aapne koi notice bheja?",promise_to_pay,38,1800,personal loan EMI,polite,delhi,ghar aakar,1800.0,notice,office work,True,True
"₹8500 business loan EMI 19 din se pending hai. Turant settle karein, late fees ₹450 lag rahi hai. CIBIL score par asar padega.","Mujhe 10 din aur chahiye sir, illa paisa arrange karne mein time lag raha hai. Transaction Reference No. bhej dijiye.",needs_more_time,19,8500,business loan EMI,cooperative,bangalore,10 din,8500.0,,,True,False
"Ramesh ji, ₹7200 ka bike loan EMI 79 din se due hai. Sun, aapko late fees bhi dena padega.","Yeh ₹7200 galat hai, mera loan ₹6000 ka tha, aapne extra charges kyun lagaye?",dispute,79,7200,bike loan EMI,angry,delhi,,,incorrect amount,none,False,False
"Rahul ji, ₹12000 personal loan EMI pending hai. 17 din ho gaye overdue. CIBIL score impact ho raha hai. Settlement karne ke liye bol rahe hain.","Sorry boss, abhi nahi kar sakta. Ek hafte mein karta hun 😞",refusal,17,12000,personal loan EMI,resigned,hyderabad,next week,,,temporary financial difficulty,True,False
"Hello sir, ₹3800 bike loan EMI pending hai, aapko CIBIL score bhi impact hoga, jaldi se payment karein.","sorry sir, nange account nalli paise illa, next week payment maaduttene",dispute,7,3800,bike loan EMI,worried,bangalore,next week,3800.0,,financial difficulty,True,False
"Sir, ₹22000 EMI 27 din se overdue hai. Late fees bhi lag rahi hai, CIBIL score bhi impact hoga. UPI se abhi payment kar sakte hain?","Illa bekku 3-4 din aur, settlement karne ke liye ek option do.",needs_more_time,27,22000,credit line EMI,polite,bangalore,3-4 days,,,family_issues,True,False
"Amit ji, aapka ₹7200 EMI 11 din se pending hai. Aapko UPI se payment link bhejta hoon. Aaj hi settle karein.","Bhai, mera account mein paisa nahi hai. Mummy hospital mein hain. 15 din baad payment kar dunga.",needs_more_time,11,7200,mobile loan EMI,cooperative,delhi,15 days,7200.0,,family_emergency,False,False
"Rekha ji, ₹8000 ka EMI time se nahi aaya. RBI guidelines ke mutabiq CIBIL score affect ho sakta hai. Abhi ₹4000 bhejne ka kripaya karein.","Arre sorry, maine socha tha ki payment ho gayi hai. Abhi ₹4000 bhej rahi hun, baaki 10 din mein bhejungi.",partial_payment,36,8000,personal loan EMI,desperate,delhi,10,4000.0,,forgetfulness,True,False
"Yaar, ₹15000 ke EMI ka 25 din ho gaye, turant payment karo, nahi to CIBIL score par asar padega","Bhai, thoda time do, kal tak kar dunga",refusal,25,15000,credit line EMI,evasive,delhi,kal,15000.0,,,True,False
"Saurabh ji, ₹12000 EMI 87 din overdue. Arre, CIBIL score affect hoga. Abhi karein: rzp.io/pay. Settlement offer hai, aapke liye achha hoga","Nako, bhai. Abhi nahi kar sakta. Thoda time dein, please",promise_to_pay,87,12000,personal loan EMI,worried,mumbai,,,,vague_timelines,True,False
"Arre, ₹10000 ki EMI 46 days se pending hai. Kripya payment karein, nahi to humein aapko legal notice bhejna padega.","Lagech, maine payment kar diya tha, aapke system mein koi problem hai. Mera loan 8000 ka tha, aapne extra charges kyun lagaye?",dispute,46,10000,credit line EMI,angry,mumbai,,,payment not updated,technical issue,False,True
"Yaar, ₹11000 EMI 72 din overdue hai. Late fees lag raha hai. UPI se payment karein: rzp.io/pay, nahi toh CIBIL report affect hoga","Bhai thoda time do, abhi ghar mein kuch issues hai. Jab theek ho jaye, transfer kar dunga 🤞",promise_to_pay,72,11000,business loan EMI,evasive,delhi,,,,family_issues,True,False
Rohan ji ₹10000 ka EMI 78 days se due hai. Abhi payment karein nahi to CIBIL score kharaab hoga. 🚫,enti anna ₹8000 abhi karunga. Baki amount 10 din mein aur aap late fees maaf kar do,dispute,78,10000,business loan EMI,desperate,hyderabad,10 days,2000.0,,cash flow issues,True,False
"Rahul ji ₹10000 EMI 30 din se overdue hai. CIBIL score impact hoga, settlement ke liye turant contact karein","isko kisi aur din par discuss karte hain, abhi busy hoon",promise_to_pay,30,10000,business loan EMI,evasive,delhi,,,,vague,True,False
"Saurabh ji, ₹6800 EMI due hai 6 din ho gaye. Payment link bhejta hoon, jaldi kar sakte hain?","re, sir maine 4 din pehle payment kar diya tha, aap system check karo na. 👎",dispute,6,6800,personal loan EMI,angry,mumbai,,,payment not updated,technical issue,False,False
"Santosh ji ₹2800 EMI 27 din se overdue hai. Late fees lag rahi hai, aur CIBIL report bhi impact hoga. ₹2800 UPI se kar sakte hain?","₹1400 kar sakte hoon, ₹1400 next week karunga, ₹2800 karne ke liye abhi ₹1400 hi manage ho raha hai.",needs_more_time,27,2800,business loan EMI,resigned,chennai,next week,1400.0,,insufficient funds,True,False
"Sunita ji, aapki ₹18000 ki EMI late fees ke saath ₹20000 ho gayi hai. UPI se payment karein please.","Nako re, main abhi nahi kar sakta. Court mein milte hai",refusal,16,20000,credit line EMI,angry,mumbai,,,threat to take legal action,,False,True
"Manoj ji, ₹9000 EMI 11 din se overdue hai. Aapko UPI se payment link bhejta hoon. Turant payment karein ya phir late fees lag rahi hai.","Yaar, mere office mein problem chal raha hai. 8 din baad payment kar dunga. Bol, kya karu?",needs_more_time,11,9000,mobile loan EMI,cooperative,delhi,8 days,9000.0,,office_problem,False,False
Arjun ji ₹12000 ka EMI 45 din se pending hai. Aapka loan account close ho jayega. Call back karein 8080808080,"kay bhai thoda time do, salary abhi nahi aayi hai, 15 din mein kar dunga",promise_to_pay,45,12000,credit line EMI,worried,hyderabad,15 days,12000.0,,salary pending,False,False
"Rohan sir, ₹3200 EMI 22 din overdue hai. Late fees bhi lag gaya hai. UPI maadtini: rzp.io/pay, CIBIL score pe asar pad sakta hai.","Illa bekku, salary abhi delayed hai, next week pakka transfer kar dunga",promise_to_pay,22,3200,credit line EMI,polite,bangalore,next week,3200.0,,salary delayed,True,False
"Re, ₹7500 due hai 47 din se, late fees bhi lagech. Arre, kuch kijiye, RBI guidelines ke according action lena padega.","Maine ₹5000 UPI se bheja tha, ₹7500 kahan se aaya? Main ek baar check karke bataata hoon.",dispute,47,7500,credit line EMI,desperate,hyderabad,,,payment issue,payment made,False,True
"Arre Ramesh ji, aapka ₹12500 ka EMI 40 din se pending hai. Poora payment karne mein asafalta se aapke CIBIL score par asar pad sakta hai.","Nako, sorry yaar. Abhi ₹6000 bhej sakta hun. Baaki 15 din mein pakka",partial_payment,40,12500,BNPL payment,polite,mumbai,15,6000.0,,,True,False
"₹4200 bike loan EMI 20 din se pending hai. Aapka CIBIL score affect hoga, turant payment karein.","Yaar, business mein problem chal raha hai. Next month double kar dunga, abhi ₹2000 hi kar sakta hoon.",needs_more_time,20,4200,bike loan EMI,cooperative,mumbai,next month,8400.0,,business problem,True,False
"Sagar ji, ₹15000 EMI 18 din overdue. CIBIL score kharab ho sakta hai. UPI se abhi karein: rzp.io/pay","Haan bhai kal pakka kar dunga, aaj ghar par nahi tha 🙏",promise_to_pay,18,15000,mobile loan EMI,cooperative,bangalore,yesterday,15000.0,,personal_issue,True,False
"Vikram ji, ₹12000 bike loan EMI 7 din se overdue hai. Kay aapne payment miss kar diya? Turant UPI se payment karein, late fees bach sakte hain.","yaar business mein thoda problem chal raha hai, next month zarur karta hoon. CIBIL score kharab na ho, please",needs_more_time,7,12000,bike loan EMI,desperate,delhi,next month,,,business_problem,True,False
"Amit ji, ₹9000 EMI kal due thi. Aaj tak payment nahi aayi. CIBIL score ko nuksan hoga. Abhi karein: rzp.io/pay","bhai, kal office mein busy tha, aaj raat ko kar dunga. Apna account number do, UPI se kar dunga",promise_to_pay,25,9000,credit line EMI,cooperative,bangalore,tonight,9000.0,,busy,True,False
"Sir, ₹25000 EMI pending hai, humein aapko legal notice bhejna pad sakta hai. Aap kya kehna chahenge?","Bhai ₹12500 abhi bhejta hun, baaki 15 din mein pakka, please no notice",partial_payment,36,25000,mobile loan EMI,worried,hyderabad,15,12500.0,,fear of legal action,False,True
"Namaskar sir, ₹22000 pending hai aapke BNPL payment mein. 43 days ho gaye hain overdue. Please EMI ko update karein.",bekku sir ₹11000 abhi ₹11000 25th ko pakka,partial_payment,43,22000,BNPL payment,desperate,bangalore,25th,11000.0,,temporary financial difficulty,False,False
"Rahul ji, ₹9000 EMI 20 din due thi. Abhi tak payment nahi aayi. CIBIL score ko nuksan hoga. UPI se kar dein: rzp.io/pay",kya kar sakte hain bhai? settlement karwa sakte hain?,promise_to_pay,20,9000,mobile loan EMI,cooperative,delhi,,,settlement,,True,False
Sir ₹22000 due hai 73 din ho gaye. Settlement offer karte hain ₹20000. UPI se transaction kar sakte hain?,"Sir ₹15000 kar sakta hun, ₹7000 nahi kar sakta",refusal,73,22000,BNPL payment,resigned,bangalore,,15000.0,,partial payment,False,False
"Sun, ₹15000 ka EMI 6 din se overdue hai. Payment link bhej raha hun. Turant payment karein.","Bhai, ₹5000 abhi bhejta hun. Baaki 20 tarikh ko pakka. CIBIL score kharab nahi karein, plz.",partial_payment,6,15000,mobile loan EMI,worried,bangalore,20,5000.0,,job loss,True,False
"Arre Vikas ji, ₹11000 ka EMI 36 days se pending hai. UPI se abhi ₹5500 bhejne ka kripaya karein, nahi to CIBIL score affect ho sakta hai.","Bhai ₹5500 abhi bhej raha hun, baaki 20 tarikh ko bhejunga. Please CIBIL score mat kharab karo.",partial_payment,36,11000,personal loan EMI,worried,hyderabad,20,5500.0,,financial_difficulty,True,False
"Rohan bhai ₹16000 bike loan EMI due ho gayi hai. Turant payment karein, ya late fees lagegi. UPI se pay karein: https://...",Bhai abhi nahi kar sakta. Kuch din baad kar dunga 🤞,refusal,2,16000,bike loan EMI,evasive,delhi,,,,financial constraint,False,False
"Amit ji, ₹9000 EMI 3 week overdue hai. Late fees bhi lag gayi hai. Abhi karein: rzp.io/pay. CIBIL score impact hoga.","dekho sir, thoda muskil hai abhi. Ek hafte mein koshish karta hoon 🤞",promise_to_pay,21,9000,personal loan EMI,evasive,bangalore,1 week,,,financial difficulty,True,False
"Amit bhai, ₹12000 EMI 20 din overdue hai. Late fees bhi lag gaye hain. Abhi karein: rzp.io/pay. CIBIL score impact hoga agar payment nahi kiya toh.","haan bhai kal hi kar dunga. Sorry yaar, galti se miss ho gaya tha 🙏",promise_to_pay,20,12000,mobile loan EMI,desperate,delhi,yesterday,12000.0,,forgetfulness,True,False
Rahul ji ₹15000 pending hai. Legal notice aa sakta hai. Turant full payment karein.," Dekho bhai 7500 abhi bhejta hun, baaki 2 hafte mein bhejunga, aap legal notice ka kya matlab hai?",partial_payment,19,15000,credit line EMI,angry,bangalore,2 weeks,7500.0,,vague,False,True
"Amit ji, ₹6300 bike loan EMI bahut der se due hai. Late fees bhi lag gayi hai. Pakka payment karein.",Yeh amount galat hai bhai. Mera loan 5000 ka tha. Extra charges kyun lagaye?,dispute,51,6300,bike loan EMI,angry,delhi,,,incorrect amount,,False,False
"Nako, ₹10000 ka EMI 30 din ho gaye. Aapka CIBIL score bahut affect ho raha hai. Abhi karein: rzp.io/pay","Kay, maine kal hi payment kar diya hai. Aap check kar lo.",promise_to_pay,30,10000,BNPL payment,angry,mumbai,,,payment_already_made,,True,False
"Nako Anil ji, ₹9000 ka EMI pending hai. Settlement ka option bhi hai, lekin abhi ₹4500 bhejne ka kripaya karein.","Bhai ₹4500 abhi bhej raha hun, baaki 15 tarikh ko bhejunga. Settlement ka option kya hai?",partial_payment,36,9000,personal loan EMI,cooperative,bangalore,15,4500.0,,procrastination,False,False
₹9500 ka EMI pending hai. CIBIL score affect hoga agar nahi kiya payment.,"definitely anna, main kar dunga. lekin thoda time do, abhi financial issues hai.",dispute,69,9500,credit line EMI,evasive,hyderabad,,,not specified,financial issue,True,False
Rahul ji aapka ₹18000 ka BNPL payment 78 days se due hai. Aapko late fees bhi deni padegi. EMI ka option bhi hai.,Bhai main koshish kar raha hun par abhi nahi ho pa raha. Thoda time aur do,refusal,78,18000,BNPL payment,worried,bangalore,,,,temporary financial difficulty,False,False
"Manoj anna, ₹2700 BNPL payment 23 din overdue hai. Okay ra, aap UPI se payment kar sakte hain. CIBIL score impact ko mind karke settle karein.","boss, paisa nahi h, kuchh nahi kar sakte",needs_more_time,23,2700,BNPL payment,resigned,hyderabad,,,,no_money,True,False
"Rohan ji, bike loan EMI ₹4500 ke 12 din ho gaye, aapko late fees ka notice mil chuka hoga, aaj hi settlement karein.","Yaar, thoda time chahiye, ghar mein problem chal raha hai, 15 din aur do please 🙏",needs_more_time,12,4500,bike loan EMI,cooperative,mumbai,15 days,4500.0,,family problem,False,False
"Saurabh ji, ₹5500 ki EMI 15 din overdue hai. Late fees bhi lag rahi hai. Abhi karein: rzp.io/pay","haan bhai salary aane wala hai, usse pehle transfer kar deta hoon 🙏",promise_to_pay,15,5500,mobile loan EMI,cooperative,bangalore,usse pehle,5500.0,,salary,False,False
"Sir ₹3800 business loan EMI 3 din se overdue hai, aap jaldi se UPI maadtini use karke transaction Reference number bhejein.","Sir, mera bank account hack ho gaya hai, 8 din mein doonga, please samajh kar apne hisaab se settlement karwa lein.",needs_more_time,3,3800,business loan EMI,desperate,bangalore,8 days,3800.0,,account issue,False,False
"Arre hi, ₹12000 ka EMI 3 din ho gaye overdue. Nako thoda late fees lagech. UPI se kar dein: rzp.io/pay","re bhai kal pakka kar dunga, aaj thoda busy tha 🙏",promise_to_pay,3,12000,BNPL payment,polite,mumbai,tomorrow,12000.0,,busy,False,False
"Hi Rahul ji, ₹4500 mobile loan EMI 22 days overdue. Late fees ₹500 lag chuke hain. Abhi UPI se payment karein: rzp.io/pay, CIBIL score bhi affect hoga.","Bhai, mujhe thoda time do, next week transfer kar dunga, sorry for the delay 🙏",promise_to_pay,22,4500,mobile loan EMI,worried,hyderabad,next week,5000.0,,waiting_for_next_week,True,False
"Sunita ji, ₹12000 ke EMI ka payment karo, 25 din ho gaye, late fees bhi lag raha hai","Pakka, thodi der mein kar dunga, sorry 🤕",refusal,25,12000,credit line EMI,stressed,delhi,thodi der mein,12000.0,,,False,False
"Sir, aapka ₹10000 ka business loan EMI 33 din se pending hai. Aapko CIBIL score bhi impact hoga, agar payment nahi kiya toh.","Sir, mera loan 8500 ka tha, aap log galat amount maang rahe hain, kuch kar sakte hain kya?",dispute,33,10000,business loan EMI,worried,bangalore,,,incorrect amount,incorrect information,True,False
Priya ji ₹18000 personal loan EMI ka 15 din ho gaye. Aapko remind karte hain. CIBIL score ko maintain karein.,"Sorry, boss. Abhi kuch parivaarik problem hai. Next month zarur karta hun. Okay ra, please samajh lo 🙏",refusal,15,18000,personal loan EMI,resigned,hyderabad,next month,,,family problems,True,False
"Hi Deepak, ₹3800 credit line EMI 11 din se late hai. Settlement karne ke liye turant UPI link bhejta hoon.","Bhai sach mein ghar mein paisa nahi h, 10 din mein zarur kar dunga, lekin CIBIL score par asar nahi padega na?",needs_more_time,11,3800,credit line EMI,worried,delhi,10 din mein,,,family_cash_flow_problem,True,False
"Vijay ji, ₹7500 bike loan EMI pending hai. 29 days ho gaye. Abhi payment karo, nahi toh late fees aur CIBIL score par impact padega.","Sorry anna, ghar mein problem hai. 3 din mein payment kar dunga.",dispute,29,7500,bike loan EMI,resigned,hyderabad,3 din mein,7500.0,,personal issue,True,False
Rajesh ji ₹10000 ka EMI 14 din se pending hai. Late fees lag rahi hai. Aapka EMI settlement abhi kar sakte hain. UPI link bhej raha hoon.,"Enti boss, paisa nahi hai. 15 din aur do. Phir kar dunga.",needs_more_time,14,10000,personal loan EMI,polite,hyderabad,15 days,10000.0,,temporary financial issue,False,False
"Ramesh ji ₹18000 ka bakiya amount clear karein. 40 din se pending hai, late fees bhi lagu ho rahi hai. Pakka karein, nahi toh humein legal action lena padega.","Bol kya kar rahe ho? Kuch din aur dijiye, main koshish karta hun. 🤞",refusal,40,18000,business loan EMI,desperate,mumbai,,,,financial,False,True
"Sir, ₹15000 ka BNPL payment 33 din se overdue hai. Aapko EMI schedule ke mutabik payment karna hoga. Aaj hi contact karein.","Nahi, nahi, abhi nahi kar sakte. Court mein case chal raha hai",needs_more_time,33,15000,BNPL payment,resigned,hyderabad,,,court case,court case,False,False
"₹15000 EMI bahut overdue hai sir, 27 din se pending hai. Turant payment karein, nahi to CIBIL score kharab hoga.","Abhi paisa nahi h, mummy hospital mein hain. 10 din aur do please 🙏",needs_more_time,27,15000,credit line EMI,desperate,bangalore,10 days,,,family_issues,True,False
"Namaste sir, ₹8000 EMI pending hai aapka, UPI maadtini aapko late fees bhi dena padega.","bekku aap log galat ho, ₹6000 hi to loan tha mere paas. extra ₹2000 kyun?",dispute,80,8000,personal loan EMI,angry,bangalore,,,amount mismatch,,False,False
"Ankit ji, ₹9000 ki BNPL payment ko 52 din ho gaye hain. ₹1800 late fees lag chuke hain. Sun, aapki CIBIL score par bura asar pad raha hai. Turant UPI se settle karein.","Bhai, 20 din mein settlement kar dunga. Pakka, business mein thoda problem chal raha hai 📈",needs_more_time,52,9000,BNPL payment,cooperative,delhi,20 days,9000.0,,business problem,True,False
Amit ji ₹10000 EMI 68 din overdue hai. Hum aapse legal action lene par majboor honge. Aapko CIBIL score affect hoga. UPI se kar dein: gpay.io/pay,"kuch nahi bolna sir, ₹5000 abhi de sakte hain. Baaki ₹5000 next month transfer karta hoon",promise_to_pay,68,10000,BNPL payment,cooperative,bangalore,next month,5000.0,,financial,True,True
"Anil bhai, ₹3800 bike loan EMI 2 din ho gaye overdue. CIBIL score affect ho sakta hai. Abhi UPI se payment karein: rzp.io/pay","Bhai, phone pe busy tha, kal pakka kar dunga, aaj raat ko 🙏",promise_to_pay,2,3800,bike loan EMI,polite,chennai,kal,3800.0,,personal,True,False
Anna ₹12000 late fees ke saath EMI pending hai. Settlement option bhi hai. Chaliye kuch karte hain.,"nahi kar sakta abhi, aap logon ko khud samajhna chahiye",refusal,26,12000,credit line EMI,angry,hyderabad,,,,,False,False
"₹15000 due hai 73 din ho gaye, sir. Late fees bhi lag rahe hain ₹2000. Kuch settlement karein?","Mujhe kuch nahi pata, maine paise return kar diye the",refusal,73,15000,BNPL payment,angry,bangalore,,,payment already made,misunderstanding,False,False
"Rahul ji, aapka bike loan EMI ₹4200 ka 55 days overdue hai. UPI maadtini, bekku: rzp.io/pay 🙏","haan sir, aaj office mein busy tha, monday ko zarur kardunga 🙏",promise_to_pay,55,4200,bike loan EMI,polite,bangalore,monday,4200.0,,busy,False,False
"Vikas ji ₹12000 bike loan EMI 24 din overdue hai. RBI guidelines ke mutabiq CIBIL score kharab ho jayega, turant settlement karein.","yaar thoda time do, next week payment kar dunga",needs_more_time,24,12000,bike loan EMI,evasive,hyderabad,,,,vague_timeline,True,False
Anna ₹22000 bike loan EMI pending hai. Aapko pata hai CIBIL score kharab ho sakta hai. Okay ra kuch karte hai?,Mera job chala gaya hai. Abhi thoda time chahiye.,refusal,30,22000,bike loan EMI,worried,hyderabad,,,,job loss,True,False
Rahul ji ₹4500 EMI 47 din overdue. Aapka CIBIL score already affect ho raha hai. Abhi karein: rzp.io/pay 🚨,"Bhai, abhi nahi kar pa raha hu, kuch din aur de do, okay ra settle kar dunga 🤞",promise_to_pay,47,4500,BNPL payment,evasive,hyderabad,,,,vague_timeline,True,False
"Yaar ₹8000 EMI 19 din ho gaye overdue. Turant full payment karein, CIBIL score par asar padega.","bhai 4000 abhi bhejta hun, baaki 10 tarikh ko pakka bhejunga 🙏",partial_payment,19,8000,credit line EMI,polite,delhi,10,4000.0,,,True,False
"Amit ji, ₹15000 mobile loan EMI 38 din se overdue hai. CIBIL score kharab ho jayega. UPI se settle karein.","Yaar bhai, abhi paisa nahi hai, 2 hafte aur do, phir ek sath 2 EMI kar dunga. Please samajh lo.",needs_more_time,38,15000,mobile loan EMI,cooperative,mumbai,15 days,30000.0,,personal,True,False
"Priya ji, ₹3800 EMI due hai. Aapka CIBIL score thoda kamzor hai, isse sudharne ke liye payment karein","Maine kal hi UPI kar diya tha, aap check karo, kyun payment request aa rahi hai?",dispute,19,3800,mobile loan EMI,cooperative,bangalore,,,payment not reflected,,True,False
"Namaskar sir, ₹8000 bike loan EMI 15 din se overdue hai. UPI maadtini se aaj settle karein, late fees lag rahi hai.","Sir, illa time hai, next week ek baar mein transaction kar dunga. Kuch aur din mauka de do 🙏",needs_more_time,15,8000,bike loan EMI,polite,bangalore,next week,8000.0,,,False,False
"Manish ji, ₹2200 EMI 17 din ho gaye. CIBIL score affect hoga. Abhi karein: rzp.io/pay",ekdum jhooth bola hai. Paisa maine time pe diya tha. Receipt bhejunga,promise_to_pay,17,2200,BNPL payment,angry,bangalore,,,payment already made,,True,False
₹18000 bike loan EMI ke sath ₹3500 late fees bhi ho gaya hai. Sir ek settlement offer karte hain. ₹16000 clear karein aur case close kar dete hain.,thodi din me karta hun 🤞,refusal,88,18000,bike loan EMI,worried,bangalore,next week,16000.0,,evasive,False,False
"Sunita ji, ₹18000 ka payment clear karein. Late fees lagu hoga.",Kay karu? Paise nahi hain. Aaplogon se nahin chuka sakta 🙏,refusal,20,18000,credit line EMI,stressed,mumbai,,,,,False,False
Sir ₹22000 bike loan EMI ke sath ₹4000 late fees bhi ho gaya hai. RBI guidelines ke according humein legal action lena padega.,nahi karna hai abhi,refusal,88,22000,bike loan EMI,angry,bangalore,,,,,False,True
Kay ₹10000 ka EMI 20 din se pending hai. Late fees lag rahi hai. UPI se payment karein.,"Nahi yaar, abhi paisa nahi hai. Kabhi bhi kar dunga, bas thoda time do 🙏",needs_more_time,20,10000,personal loan EMI,evasive,mumbai,,,,vague_timeline,False,False
"Namaste Suresh ji, aapka ₹9000 EMI 9 din se overdue hai. ₹4500 abhi bhejne se aapka CIBIL score accha rahega.",Sir ₹3000 abhi bhejunga. Baaki 20 tarikh ko kar dunga.,partial_payment,9,9000,personal loan EMI,worried,bangalore,20,6000.0,,,True,False
"Ankit ji, ₹7500 EMI due hai 6 din ho gaye. Payment link bhejta hoon, jaldi kar sakte hain?","sir, maine 5 din pehle UPI kar diya tha, aap system check karo na. 🤔",dispute,6,7500,personal loan EMI,polite,mumbai,,,payment not updated,technical issue,False,False
"Vishal ji, ₹8000 EMI 50 din overdue. CIBIL score kharaab hone se aapke liye loan lene mein mushkil ho sakti hai. UPI se abhi payment karein: rzp.io/pay 📝","Koi baat nahi boss, aaj hi payment karwa dunga 🙏",promise_to_pay,50,8000,credit line EMI,resigned,hyderabad,aaj,8000.0,,,True,False
"Arre Rohan ji, ₹2500 EMI 15 din ho gaye due. Aaj tak kuch nahi aaya. Thoda jaldi kar dein, CIBIL score bhi affect hoga. UPI se kar sakte hain: rzp.io/pay","Sorry bhai, thoda busy tha. Kal tak pakka kar dunga. Late fees lagta hai na? 🙏",promise_to_pay,15,2500,business loan EMI,polite,mumbai,kal,2500.0,,busy,True,False
"Arre, ₹5500 EMI 48 din ho gaye. Ab tak nahi aayi. CIBIL score pe asar padega. Thoda samay nikaal kar UPI se payment karein: rzp.io/pay","Sorry bhai, galti ho gayi. Kal payment kar dunga 🙏",promise_to_pay,48,5500,mobile loan EMI,polite,mumbai,kal,5500.0,,apologetic,True,False
Anna ₹15000 credit line EMI pending hai. CIBIL score par impact padega. Please UPI se payment karein.,sorry boss ₹5000 hi kar sakta hun. Aap logon se baat karta hun settlement ke liye,refusal,26,15000,credit line EMI,resigned,hyderabad,,5000.0,,,True,False
"Anna ₹8500 EMI miss ho gayi, 73 days overdue hai. Okay ra, payment kab tak karein?","Mujhe pata nahi tha, maine UPI kar diya tha, aapke system mein issue hai. Enti resolve cheyandi",dispute,73,8500,bike loan EMI,worried,hyderabad,,,payment,system issue,False,False
"Sir, ₹10000 ka EMI 33 din se pending hai. Aapka CIBIL score kharaab ho sakta hai.","Sorry sir, maine transaction reference number ₹TRN12345 se 2 din pehle UPI kar diya tha, aap check karein, kuch problem hai kya?",dispute,33,10000,personal loan EMI,polite,bangalore,,,payment already made,,True,False
"Ravi ji, ₹22000 personal loan EMI pending hai. 17 din ho gaye overdue. Late fees bhi lag rahi hai. Settlement karne ke liye bol rahe hain.","Okay ra, main karta hun. Par amount thoda kam karo.",refusal,17,22000,personal loan EMI,cooperative,hyderabad,,,amount,,False,False
Sachin ji ₹2500 ka EMI 45 din overdue hai. Late fees lagech hai. UPI se abhi kar dein: rzp.io/pay,"haan bhai kal se karne ki koshish kar raha tha, UPI payment failed ho gaya, abhi kar dunga",promise_to_pay,45,2500,credit line EMI,resigned,pune,today,2500.0,,technical issue,False,False
"₹9000 EMI overdue hai, Priya ji. Legal notice jaari karne pad sakte hain. Full payment karein.","₹4500 abhi bhej rahi hun, baaki 15 tarikh ko, aap log mujhe time do, please boss 🙏",partial_payment,59,9000,credit line EMI,worried,hyderabad,15,4500.0,,financial difficulties,False,True
"Rajesh ji ₹1200 overdue ho gaya 12 din. UPI se payment karein, link bhejta hoon.","bhai sun, paisa nahi h, 20 din aur do please 🙏",needs_more_time,12,1200,mobile loan EMI,cooperative,bangalore,20 din,1200.0,,unspecified,False,False
"Yaar, ₹12000 EMI 22 din se pending hai. Turant payment karein, CIBIL score impact ho sakta hai.","bhai abhi ₹6000 bhej raha hun, baaki 15 tarikh ko pakka karenge 🤞",partial_payment,22,12000,mobile loan EMI,polite,delhi,15,6000.0,,financial difficulties,True,False
Bhai ₹22000 38 din se pending hai. CIBIL score kharab ho jayega. UPI se turant payment karein.,Abhi nahi ho payega yaar. Ghar pe pareshani hai.,refusal,38,22000,bike loan EMI,worried,delhi,,,,personal problem,True,False
"Saurabh ji, aapka ₹11000 personal loan EMI 75 days overdue hai. Legal notice bhejna pad sakta hai.","Arre bhai, kuch nahi bolna. 5500 abhi bhejta hun, baaki 20 tarikh ko pakka.",partial_payment,75,11000,personal loan EMI,angry,mumbai,20,5500.0,,none,False,True
Rohit ji aapka ₹4500 ka EMI 62 din se due hai. Aapko late fees bhi dena hoga.,"Yeh amount galat hai, mera loan 4000 ka tha, extra charges kyun laga rahe ho?",dispute,62,4500,mobile loan EMI,angry,mumbai,,,amount,wrong_info,False,False
"Saurabh ji, ₹2800 EMI 17 din ho gaye. CIBIL score affect hoga. Abhi karein: rzp.io/pay",kya kar sakte hain sir? paisa nahi hai,promise_to_pay,17,2800,BNPL payment,desperate,bangalore,,,,financial difficulty,True,False
"Sir, ₹2500 EMI kal due thi. Ab tak payment nahi aayi. UPI se kar dein: rzp.io/pay. CIBIL score affect hoga.","sorry sir, kal hi kar dena tha. Aaj hi kar dete hain 🙏",promise_to_pay,21,2500,personal loan EMI,cooperative,bangalore,today,2500.0,,forgetfulness,True,False
"Suresh ji, ₹6500 bike loan EMI 15 din se overdue hai. Late fees lag rahi hai, aaj settle karein, UPI link bhejta hoon.","Sir, mummy hospital mein hain, 15 din mein payment kar dunga, aap ek baar mauka de do please 🙏",needs_more_time,15,6500,bike loan EMI,worried,bangalore,15 din mein,6500.0,,,False,False
"Rohan ji, ₹8500 ka BNPL payment 70 din se overdue hai. Late fees lag rahi hai. Aapne kab tak payment karne ka plan hai re?","Arre bhai thoda time do, ghar mein problem chal rahi hai, 15 din mein zarur kar dunga 🙏",needs_more_time,70,8500,BNPL payment,polite,mumbai,15 din,,,family_problem,False,False
"Ramesh ji, aapka bike loan EMI ₹5000 due hai. CIBIL score kharaab ho jayega agar payment nahi kiya. UPI kar dein.","Sorry sir, mere paas paise nahi hain. Kal tak kar dunga.",dispute,74,5000,bike loan EMI,worried,bangalore,tomorrow,5000.0,,lack of funds,True,False
"Arre Rohan ji, ₹28000 ka loan 61 din se pending hai. RBI guidelines ke mutabiq legal action lena padega.",Kay kar sakte hain? Abhi business bahut slow chal raha hai. 🤕,refusal,61,28000,business loan EMI,polite-firm,mumbai,next month,10000.0,,business slow,False,True
"Yaar, ₹12000 EMI 79 din overdue hai. Turant UPI se payment kar dein: rzp.io/pay. Late fees bhi lag rahi hai. CIBIL score affect hoga","Bhai, maaf karna. Office se kuch issue ho gaya tha. Pakka Friday se pehle payment kar dunga 🙏",promise_to_pay,79,12000,credit line EMI,polite,delhi,Friday,12000.0,,office issue,True,False
"Rohan yaar, ₹8000 EMI 20 din ho gaye due. Turant payment karna hoga, nahi to CIBIL score affect hoga. UPI se kar dein: rzp.io/pay 🙏","bhai sorry, office ka kaam bahut hai. Monday ko pakka kar dunga 🙏",promise_to_pay,20,8000,mobile loan EMI,polite,delhi,Monday,8000.0,,busy,True,False
"Sunil ji ₹5500 ka BNPL payment 23 din se pending hai, aapko ₹5500 payment karna hoga. CIBIL score impact hoga.","Sorry bhai, maine ₹5000 payment kar diya tha 5 din pehle, ₹500 extra kyun maang rahe ho?",dispute,23,5500,BNPL payment,worried,delhi,5 days ago,5000.0,payment made,technical issue,True,False
"Ravi ji ₹9000 EMI overdue hai, late fees bhi lagech hai. Kay kar rahe ho?","Sorry re, poora ek baar mein nahi hoga, 4500 abhi bhej sakta hun, baaki 15 tarikh ko pakka.",partial_payment,11,9000,business loan EMI,polite,mumbai,15,4500.0,,temporary financial difficulties,False,False
"Arre bhai, ₹2500 EMI 16 din ho gaye, abhi tak payment nahi aayi. UPI se kar dein, CIBIL score kharaab ho jayega: rzp.io/pay","Bhai, thoda time do, Monday ko salary aayegi, usse pehle kar dunga 🙏",promise_to_pay,16,2500,mobile loan EMI,polite,mumbai,Monday,2500.0,,busy,True,False
"Boss, ₹9000 ka BNPL payment 33 din se overdue hai. Late fees lag rahi hai. UPI se aaj hi payment karein.","Enti, enti, 1 week aur dijiye. Business mein problem chal rahi hai, double EMI denge next month",needs_more_time,33,9000,BNPL payment,desperate,hyderabad,1 week,18000.0,,business,False,False
Sir ₹5200 due hai. Legal action lena padega agar aap payment nahi karte.,"Sir, maine transaction reference number 123456 hai, aapke system mein check karein",dispute,86,5200,BNPL payment,cooperative,bangalore,,,payment issue,technical issue,False,True
Neha ji aapke account mein ₹5800 ka late fee lag gaya hai. Aap payment karein toh hum aapko CIBIL score maintain karne mein madad karenge.,"mujhe samajh nahi aaya ki kitna amount due hai, aap details bhejo",dispute,80,5800,BNPL payment,evasive,delhi,,,amount dispute,lack of information,True,False
"Namaskara sir, ₹4300 bike loan EMI pending hai, UPI maadtini aap beku payment kar sakte hain.","illi, nange 3 days ago UPI transaction maadidde, illa aap system nalli problem ide",dispute,7,4300,bike loan EMI,polite,bangalore,,,payment not reflected,technical issue,False,False
"Anna, ₹22000 ka payment 30 din se due hai. Late fees lagu hone wale hain. EMI ke hisaab se payment karein, nahin toh legal action lena padega.","Mujhe samay nahi diya gaya, aaplog hi soch lo kuch 🙄",refusal,30,22000,BNPL payment,angry,hyderabad,,,,vague,False,True
Ramesh ji ₹32000 ka EMI 74 days late ho gaya hai. Late fees lag rahi hain. ₹8000 ka settlement offer hai,Mujhe nahi pata yeh sab. ₹32000 nahi de sakta,refusal,74,32000,BNPL payment,desperate,bangalore,,,,lack of awareness,False,True
"Ravi ji ₹15000 pending hai, ₹7500 abhi bhej sakte hain? UPI link: https://... , CIBIL score affect ho sakta hai.","Bhai ₹5000 abhi bhejta hun, baaki 1 mahine mein pakka, CIBIL score thik rahega na?",partial_payment,9,15000,BNPL payment,polite,bangalore,1 month,5000.0,,,True,False
"Saurabh ji, ₹6500 credit line EMI 85 din se pending hai. Pakka UPI se turant bharein, late fees ho rahi hai.","Yaar, 1 mahine mein double kar dunga, abhi thoda problem chal raha hai 🙏",needs_more_time,85,6500,credit line EMI,desperate,delhi,1 mahine,,,business_problem,False,False
"Rohan sir, ₹3200 ki EMI 15 din ho gaye due. Aapka CIBIL score bhi impact hoga. UPI maadtini: rzp.io/pay","illa sir kal tak bekku kartaa hoon, aaj office kaam mein busy hoon 🤞",promise_to_pay,15,3200,mobile loan EMI,polite,bangalore,kal,3200.0,,busy,True,False
"Amit ji ₹30000 pending hai, 54 din ho gaye. CIBIL report pe impact padega. Settlement karein please.","Sir, abhi ₹5000 kar sakta hun. Aap settlement karein toh ₹20000 kar sakta hun",refusal,54,30000,bike loan EMI,cooperative,bangalore,this_week,5000.0,,financial_difficulty,True,False
"Hi Rahul, ₹10000 EMI 9 days overdue. CIBIL score affect ho sakta hai. Abhi pay karein: rzp.io/pay","Haan bhai, ₹5000 abhi de sakta hoon. Baaki next week",promise_to_pay,9,10000,BNPL payment,worried,hyderabad,next week,5000.0,,insufficient funds,True,False
"Sir ₹28000 overdue hai, 44 days ho gaye hain. Aapka loan account close ho sakta hai. Please settlement karein.","Definitely Anna, main aaj hi payment karunga, UPI se.",refusal,44,28000,mobile loan EMI,cooperative,hyderabad,,,,,False,False
"Rahul ji, ₹12000 EMI ka 19 din ho gaya. Abhi tak payment nahi aayi. Pakka karein, nahi to late fees bhi lagegi: rzp.io/pay","Bhai, thoda time do. Mujhe kuch cheezein settle karni hain, phir karwa dunga",promise_to_pay,19,12000,business loan EMI,cooperative,delhi,,,,personal issues,False,False
Amit ji 3rd reminder — ₹12000 EMI 17 din overdue. Late fees lagu honge. Settlement abhi karein: rzp.io/pay,Friday ko salary aayegi. Pakka kar dunga. Apna paisa nahi khaunga 🙏,promise_to_pay,17,12000,BNPL payment,cooperative,bangalore,Friday,,,salary pending,False,False
"Rahul ji, ₹9000 ka EMI pending hai. Late fees lagu ho rahi hai. Payment karein, plz.","Yaar, ₹4500 abhi bhej sakta hun. Baaki 15 tarikh ko bhejunga.",partial_payment,6,9000,mobile loan EMI,cooperative,mumbai,15,4500.0,,temporary cash flow problem,True,False
"Ankit ji, ₹3800 ki EMI 15 din overdue hai. Abhi tak koi payment nahi aayi. UPI maadtini: rzp.io/pay","sorry sir, kal office kaam mein busy tha. Aaj transfer kar deta hoon 🙏",promise_to_pay,15,3800,mobile loan EMI,worried,bangalore,aaj,3800.0,,busy,False,False
"Amit bhai, ₹2500 EMI 79 din late ho gayi. Sun, abhi payment karein: rzp.io/pay. Settlement offer hai, 10% late fees maaf kar denge","Theek hai bhai, kal tak kar dunga. Ghar mein kuch problem thi. Pakka kal tak payment ho jayegi 🙏",promise_to_pay,79,2500,credit line EMI,cooperative,delhi,kal,2500.0,,ghar problem,False,False
"Sunil ji ₹15000 ka EMI pending hai. Turant payment karein, nahi toh settlement option band ho jayega. RBI guidelines ke hisaab se action lena padega.","Abhi nahi kar sakta, ghar pe paise nahi hai. Kuch din baad kar dunga.",refusal,40,15000,business loan EMI,evasive,bangalore,,,,financial,False,True
"Sir ₹12000 EMI due ho gayi hai, aap UPI maadtini se ₹6000 abhi pay kar sakte hain. Baki 15 tarikh ko? 🙏","Bhai ₹5000 abhi bhejta hun, baaki 2 hafte mein pakka, late fees toh nahi lagenge na?",partial_payment,9,12000,BNPL payment,polite,bangalore,15,6000.0,,,False,False
"Sir ₹7500 bike loan EMI miss ho gayi hai, 79 days overdue hai. Payment karein?","Sorry sir, ₹5000 already UPI se transfer ho gaye the. Late fees kyun lag rahe hain? 🙏",dispute,79,7500,bike loan EMI,worried,hyderabad,,,late fees,payment already made,False,False
"Rahul ji ₹3800 ka EMI pending hai 29 din se. Kripya jaldi payment karein, CIBIL score impact ho sakta hai.","Maine ₹2000 payment kar diya tha, ₹1800 pending hai. UPI transaction reference hai mere paas.",dispute,29,3800,business loan EMI,cooperative,bangalore,,1800.0,partial payment,partial payment,True,False
"Bhai ₹12000 EMI pending hai, 40 din se overdue hai. Turant payment karein, nahi toh late fees bhi lag sakti hai.","Yaar, sorry yaar ₹6000 abhi bhej raha hun, baaki 10 tarikh ko pakka karta hun.",partial_payment,40,12000,business loan EMI,polite,delhi,10,6000.0,,financial constraints,False,False
"Vijay ji ₹18000 EMI bahut der se pending hai. Settlement karne se late fees bach sakte hain, aur CIBIL score bhi safe rahega.","Mujhe ₹5000 hi karne hain, ₹13000 next month karunga, aur ₹5000 uske baad.",needs_more_time,27,18000,business loan EMI,cooperative,delhi,next month,13000.0,,installment plan,True,False
Sir ₹6500 EMI due hai 55 din se. UPI se bekku payment karein.,"Sir maine pehle se hi phone karke bataya tha, account bandh ho gaya hai. Kya karein?",dispute,55,6500,mobile loan EMI,resigned,bangalore,after account settlement,,account issue,technical issue,False,False
"Rajesh ji, aapka ₹8000 ka EMI due hai 59 din ho gaye. Aapko legal action bhi lena padega. Okay ra, settlement ke liye kab payment karoge?","Sir, maine 20 din mein payment karne ki koshish karunga. Thoda time do, sir.",dispute,59,8000,bike loan EMI,worried,hyderabad,20 days,8000.0,payment delay,request for time,False,True
Sir ₹6000 EMI 89 din se pending hai. Late fees bhi lag rahi hai. Abhi UPI se kar dein: rzp.io/pay,"IllA bhai kal office se loan transfer karna hai, 2 din mein zarur kar dunga 🙏",promise_to_pay,89,6000,personal loan EMI,polite,bangalore,2 din mein,6000.0,,office se loan transfer,False,False
"Rahul ji, ₹3500 ka EMI 31 din overdue. Late fees bhi lag rahe hain. Abhi UPI se karein: rzp.io/pay",Abhi kuch din lagech. Next week mein transfer karta hoon,promise_to_pay,31,3500,personal loan EMI,evasive,mumbai,,,,vague,False,False
"Bhai, ₹9200 ka EMI due hai. Settlement offer hai, ₹8500 mein samajh lo.","Yeh ₹9200 galat hai, mere loan ke documents check karo. Main ₹8500 hi pay karunga.",dispute,80,9200,personal loan EMI,polite,delhi,,8500.0,amount mismatch,,False,False
"Sir, ₹18000 business loan EMI 15 din se pending hai. ₹500 late fees lag chuki hai. Aap CIBIL score ko impact kar rahe hain.","Paisa abhi nahi hai, ₹10000 kar sakte hain, agle mahine ₹8000 kar dunga 🙏",needs_more_time,15,18000,business loan EMI,desperate,delhi,,10000.0,,personal_problem,True,False
"Bhai ₹18000 bike loan EMI pending hai. Turant payment karein, nahi toh late fees ka problem hoga. UPI: https://...","Bhai sorry, abhi kuch din baad kar dunga. Paise jama nahi hue abhi 🙏",refusal,2,18000,bike loan EMI,stressed,delhi,,,,financial constraint,False,False
Sir ₹28000 personal loan EMI 49 din overdue hai. Aapko hum legal notice bhej sakte hain. Aap kab tak payment kar sakte hain?,"Mujhe nahi pata, main aapko ek hafte mein batata hoon. Abhi mere paas paisa nahi hai",needs_more_time,49,28000,personal loan EMI,evasive,hyderabad,1 week,,,vague_timeline,False,True
Sir ₹7000 EMI 2 mahine se pending hai. CIBIL score affect ho raha hai. Settlement offer hai - ₹6000 abhi karein: rzp.io/pay,"Bhai abhi kuch problem hai, kuch din baad kar dunga 🤞",promise_to_pay,89,7000,personal loan EMI,evasive,bangalore,,,,kuch problem hai,True,False
"Rahul ji, ₹4500 EMI 50 din due. Late fees ₹500 ho gaye hain. UPI se payment karein aur settlement ko avoid karein: rzp.io/pay 📝","Bilkul Anna, kal tak payment kar dunga. Aaj thoda busy tha 🙏",promise_to_pay,50,4500,credit line EMI,cooperative,hyderabad,kal,4500.0,,,False,False
₹4500 due hai sir. Settlement options available hain,"sorry sir, ₹2000 hi abhi de sakte hain. CIBIL score kharab na karein",dispute,10,4500,credit line EMI,worried,bangalore,today,2000.0,,temporary financial difficulty,True,False
"Re Rohit ji, ₹20000 ka loan 61 din se pending hai. Aapka CIBIL score bhi affected ho raha hai. UPI se payment kar sakte hain.","Nahi, main abhi payment nahi kar sakta.",refusal,61,20000,business loan EMI,polite-firm,mumbai,,,,financial difficulties,True,False
"Amit ji, ₹10000 credit line EMI 85 din se pending hai. Bol, settlement offer hai, turant bharein aur late fees se bach jao.","Yaar, 1 hafte mein bharega, abhi thoda problem chal raha hai 🙏",needs_more_time,85,10000,credit line EMI,resigned,delhi,1 hafte,,,business_problem,False,False
"Rajesh ji ₹11000 pending hai. ₹5500 abhi pay karein, baaki 10 tarikh ko ₹5500 or ₹1500 ki late fee. CIBIL score bhi impact hoga.","bhai ₹4000 abhi bhejta hun, baaki ₹7000 15 tarikh ko bhejunga. Definitely bhejunga",partial_payment,90,11000,personal loan EMI,polite,hyderabad,15,4000.0,,,True,False
"Bhai ₹22000 ka EMI pending hai, 55 din se overdue hai. Turant payment karein, nahi toh CIBIL score par asar padega.","Yaar, main koshish kar raha hun, par abhi nahi kar sakta. Bol, kya karna hoga?",refusal,55,22000,credit line EMI,evasive,delhi,,,,financial constraints,True,False
"Kay, ₹5000 ki EMI 46 days se due hai. Kripya jaldi se payment karein, nahi to aapki CIBIL score pe asar pad sakta hai.","Sorry, maine paise bhije the, lekin aapke system mein koi problem hai. PTP kab tak kar sakte hain?",dispute,46,5000,credit line EMI,cooperative,mumbai,next week,5000.0,payment not updated,technical issue,True,False
"Arre, ₹18000 ka bike loan EMI 1 day se late hai, re payment karein please. Aapka CIBIL score bhi affect hoga","Abhi mushkil hai, next month mein karunga, aur haan aapne link send kar do",refusal,1,18000,bike loan EMI,polite,mumbai,,,,financial constraint,True,False
"Ramesh boss, aapka ₹3800 ka BNPL payment 9 days overdue ho gaya hai. Payment karein: upi://pay?cu=INR&am=3800","Haan boss, mujhe paise nahi the isliye nahi kar paya. Ab kal tak kar dunga, sorry 🙏",dispute,9,3800,BNPL payment,cooperative,Hyderabad,tomorrow,3800.0,,financial difficulty,False,False
"Namaskara sir, ₹9200 bike loan EMI due hai, settlement option bhi de sakte hain, aap interested hain?","settlement kya hota hai sir, kitna amount kam hoga?",dispute,7,9200,bike loan EMI,cooperative,bangalore,,,,,False,False
"Amit ji, ₹4000 EMI 79 din overdue hai. Sun, abhi payment karein: rzp.io/pay. Settlement offer hai, 5% late fees maaf kar denge. CIBIL score affect hoga","Bhai, kuch nahi bolunga. Kal tak payment kar dunga. Pakka 🙏",promise_to_pay,79,4000,credit line EMI,resigned,delhi,kal,4000.0,,,True,False
"Rahul ji, ₹18000 ka payment aapke account mein 78 din se pending hai. Kripya jaldi se jaldi clear karein, nahi toh hamen legal action lena padega.","😞 sir, maine apne lawyer se baat ki hai. Wo kehte hain aapke against case karenge.",refusal,78,18000,BNPL payment,worried,bangalore,,,legal,,False,True
"Arre, ₹25000 ka EMI pending hai. Late fees bhi lag gaye hain. Settlement ke liye ₹22000 pe payment karni hogi. UPI se karna hoga.","Sorry, abhi nahi de sakte. Ghar pe koi problem hai 🤕",refusal,71,25000,credit line EMI,worried,mumbai,,,,,False,False
"Neha ji ₹10000 pending hai, 47 days ho gaye, settlement offer karna padega, aapki CIBIL score bhi kharaab ho sakti hai","okay ra, abhi 5000 bhejta hun, baaki 2 hafte mein pakka, lekin interest mat lo, please 😊",partial_payment,47,10000,BNPL payment,cooperative,hyderabad,2 weeks,5000.0,,,True,False
"Sunita ji, ₹18000 ka payment clear karein. Late fees bhi lagu ho rahi hai, turant UPI se payment karein.","Pakka, main kal kar deta hun. Sorry yaar, galti se delay ho gaya.",refusal,55,18000,credit line EMI,worried,delhi,tomorrow,18000.0,,forgetfulness,False,False
"Suresh ji ₹12000 ka EMI pending hai, 7 days ho gaye hain. ₹12000 pay karne ka link bhejta hoon. Late fees bhi lagega","Nahi kar sakta, mere paas paisa nahi hai. Kuch din aur wait karo",refusal,7,12000,mobile loan EMI,resigned,bangalore,,,,financial constraint,False,False
"Re Kumar ji, ₹22000 personal loan EMI overdue hai. ₹11000 abhi bhejte to aapko settlement offer kar sakte hai. UPI link: <payment link>","Bhai ₹11000 abhi nahi ho payega. ₹5500 abhi bhejta hun, baaki 12 tarikh ko. Sorry 🤦",partial_payment,14,22000,personal loan EMI,worried,mumbai,12 days,5500.0,,,False,False
Yaar bhai ₹12000 ki EMI 81 din ho gaye hue hain. Late fees bhi lag rahi hai. Turant UPI se payment kar dein: rzp.io/pay 📝,"Bhai sorry 🤕, salary abhi tak nahi aayi. Pakka Monday ko payment kar dunga 🙏",promise_to_pay,81,12000,BNPL payment,polite,delhi,Monday,12000.0,,salary delay,False,False
"Arre Deepak ji, ₹4200 EMI due hai 19 din ho gaye. Abhi payment karein, nako CIBIL score kharaab hoga","Mujhe thoda time chahiye, main kal UPI kar deta hoon",dispute,19,4200,mobile loan EMI,polite,mumbai,,,,delayed payment,True,False
Sir ₹25000 baki hai aur 74 days ho gaye hain. CIBIL score affect hoga. UPI maadtini ₹5000 ka settlement offer hai,Illa bekku. ₹5000 abhi nahi de sakte,refusal,74,25000,BNPL payment,polite,bangalore,,,,financial difficulties,True,False
"Rahul ji ₹4500 ki EMI kal due thi. Aaj tak payment nahi aayi. Sun, agar turant payment nahi karenge toh legal action lena padega 📝","Haan bhai sorry 🤕, kal pakka kar dunga. Aaj office mein busy tha",promise_to_pay,81,4500,BNPL payment,desperate,delhi,kal,4500.0,,work busy,False,True
"Rohan ji aapka ₹4500 EMI 77 din ho gaya due, turant payment karein ya CIBIL score kharab ho jayega.","Yaar, maine kal hi UPI kar diya tha, aapke system mein delay ho raha hai 🤔",dispute,77,4500,mobile loan EMI,polite,delhi,,,payment not updated,technical issue,True,False
"Rohan anna, aapka ₹4500 ka BNPL payment 9 days overdue ho gaya hai. Payment karein: upi://pay?cu=INR&am=4500","Arre okay ra, maine UPI se 2 din pehle payment kar diya tha. Aap logon ke system mein kuch gadbad hai.",dispute,9,4500,BNPL payment,polite,Hyderabad,,,payment not reflected,technical issue,False,False
Rahul ji ₹4500 ka EMI 45 din overdue hai. Legal action liya jayega agar payment nahi hota. UPI se kar dein: rzp.io/pay,"re bhai paisa nahi hai to kya karu, aap log thoda samajh lo",promise_to_pay,45,4500,credit line EMI,desperate,bangalore,,,,financial issue,False,True
"Yaar, ₹8500 ka EMI 80 din se due hai, turant payment karein.","Maine UPI se payment kar diya tha bhai, aap check karke batao. 🤔",dispute,80,8500,personal loan EMI,cooperative,delhi,,,payment issue,technical issue,False,False
"Re, ₹28000 ka EMI 71 din se pending hai. CIBIL score bhi affect ho raha hai. Settlement ke liye ₹25000 pe payment karni hogi. Legal action lena padega agar nahi kiya.","Theek hai, ₹25000 de dunga. Lekin thoda time chahiye. 10 din mein de dunga 🙏",refusal,71,28000,credit line EMI,resigned,mumbai,10 din mein,25000.0,,,True,True
"Sir, ₹15000 ka EMI 33 din se pending hai. Aapko legal notice bheja jayega agar payment nahi hota.","Sorry sir, mujhe pata nahi tha, maine ₹5000 already UPI kar diya tha, baaki ₹10000 kal tak kar deta hoon",dispute,33,15000,personal loan EMI,resigned,bangalore,kal,10000.0,payment already made,,False,True
"Amit ji, ₹12000 EMI kal se 40 days overdue hai. Settlement option bhi hai, lekin CIBIL score ko maintain karna hoga. UPI se kar dein: rzp.io/pay","Arey bhai, thoda time do, aaj office mein busy tha, Monday ko kar dunga 🙏",promise_to_pay,40,12000,BNPL payment,desperate,bangalore,Monday,12000.0,,office work,True,False
"Amit ji, ₹8000 EMI 3 mahine se pending hai. CIBIL score affect ho raha hai. Settlement offer hai - ₹5000 abhi karein: rzp.io/pay","Bhai kuch din aur de do, salary aane wali hai phir kar dunga 🤞",promise_to_pay,89,8000,personal loan EMI,cooperative,bangalore,kuch din,8000.0,,salary aane wali hai,True,False
Ramesh ji ₹12000 ka EMI bahut din se pending hai. Aapko late fees bhi deni hogi. 📝,yeh amount sahi nahi hai ₹10000 ka loan liya tha aapne extra charges kyun lagaye,dispute,78,12000,business loan EMI,angry,hyderabad,,,amount mismatch,,False,False
"Hi Suresh ji, ₹12000 mobile loan EMI 22 days overdue. Abhi tak payment nahi aayi. UPI se payment karein: rzp.io/pay, CIBIL score affect hoga.","Enti, aaj hi kar dunga, thoda busy tha, sorry for the delay 🙏",promise_to_pay,22,12000,mobile loan EMI,desperate,hyderabad,today,12000.0,,busy,True,False
"Vikram ji, ₹18000 mobile loan EMI bahut overdue hai. RBI guidelines ke hisab se aap par legal action liya ja sakta hai. Turant contact karein.","Yaar abhi thoda mushkil hai, business mein loss ho raha hai. Next month double kar dunga",needs_more_time,49,18000,mobile loan EMI,desperate,mumbai,next month,,,business_problem,False,True
"Boss ₹6200 mobile loan EMI 85 days overdue hai. Late fees lag rahi hai, okay ra. Settlement offer hai."," ₹4000 abhi jama karta hun, aur ₹2200 agle mahine jama kar dunga. Aur kuch nahi ho sakta?",needs_more_time,85,6200,mobile loan EMI,worried,hyderabad,next month,2200.0,,,False,False
"Arre, ₹18000 ka EMI 84 days overdue hai. Hum settlement offer kar rahe hai. Aap 50% pay karoge to hum case close kar denge.","Nahi kar sakta, abhi kuch nahi kar sakta",refusal,84,18000,mobile loan EMI,desperate,mumbai,,9000.0,,financial difficulty,False,False
"Rahul ji, aapka ₹15000 EMI pending hai. Agar aap payment nahi karte, toh CIBIL score kharab hoga.","Bhai, 5000 abhi bhejta hun. Baaki 2 hafte mein pakka karta hun 🤞",partial_payment,89,15000,bike loan EMI,desperate,delhi,14,5000.0,,,True,False
"Bhai, ₹4200 ka EMI due hai, late fees bhi lag rahe hain. Pakka payment karein.","Yeh ₹4200 galat hai, mere loan ke documents check karo. Main ₹3800 hi pay karta hoon.",dispute,80,4200,personal loan EMI,angry,delhi,,,amount mismatch,,False,False
"Pooja ji ₹4000 ka BNPL payment 23 din se pending hai, aapko turant ₹4000 payment karna hoga. Late fees ₹200 lagu ho gayi hai.","Sorry bhai, main kal ₹2000 payment kar dungi, baaki ₹2000 agle hafte mein.",dispute,23,4000,BNPL payment,evasive,delhi,tomorrow,2000.0,,temporary financial difficulty,False,False
"Ankit yaar, ₹10000 EMI 20 din due thi. Turant payment karna hoga, nahi to CIBIL score affect hoga. UPI se kar dein: rzp.io/pay","sun bhai, kal hi kar dunga. Bol kya kar sakte hain agar payment miss ho gayi toh?",promise_to_pay,20,10000,mobile loan EMI,worried,delhi,yesterday,10000.0,,,True,False
